"Experiment","Region","Type","Variable","GTAPVar","Description","Unit","Value","Dim1"
"ExB14","SSA","TOTAL","CNTalleffr","CNTalleffr","CNTalleffr","CNTalleffr",-154.855880737305,"prodtax"
"ExB14","SSA","TOTAL","CNTalleffr","CNTalleffr","CNTalleffr","CNTalleffr",0,"pfacttax"
"ExB14","SSA","TOTAL","CNTalleffr","CNTalleffr","CNTalleffr","CNTalleffr",-1.80359784280881e-05,"inctax"
"ExB14","SSA","TOTAL","CNTalleffr","CNTalleffr","CNTalleffr","CNTalleffr",-31.062427520752,"inputtax"
"ExB14","SSA","TOTAL","CNTalleffr","CNTalleffr","CNTalleffr","CNTalleffr",-9.05222320556641,"contax"
"ExB14","SSA","TOTAL","CNTalleffr","CNTalleffr","CNTalleffr","CNTalleffr",-2.26105737686157,"invtax"
"ExB14","SSA","TOTAL","CNTalleffr","CNTalleffr","CNTalleffr","CNTalleffr",2.16804051399231,"govtax"
"ExB14","SSA","TOTAL","CNTalleffr","CNTalleffr","CNTalleffr","CNTalleffr",98.1474838256836,"xtax"
"ExB14","SSA","TOTAL","CNTalleffr","CNTalleffr","CNTalleffr","CNTalleffr",65.5063629150391,"mtax"
"ExB14","EU","TOTAL","CNTalleffr","CNTalleffr","CNTalleffr","CNTalleffr",2623.00048828125,"prodtax"
"ExB14","EU","TOTAL","CNTalleffr","CNTalleffr","CNTalleffr","CNTalleffr",0,"pfacttax"
"ExB14","EU","TOTAL","CNTalleffr","CNTalleffr","CNTalleffr","CNTalleffr",-0.000451504602096975,"inctax"
"ExB14","EU","TOTAL","CNTalleffr","CNTalleffr","CNTalleffr","CNTalleffr",155.381591796875,"inputtax"
"ExB14","EU","TOTAL","CNTalleffr","CNTalleffr","CNTalleffr","CNTalleffr",131.920715332031,"contax"
"ExB14","EU","TOTAL","CNTalleffr","CNTalleffr","CNTalleffr","CNTalleffr",-2.61830377578735,"invtax"
"ExB14","EU","TOTAL","CNTalleffr","CNTalleffr","CNTalleffr","CNTalleffr",25.9280109405518,"govtax"
"ExB14","EU","TOTAL","CNTalleffr","CNTalleffr","CNTalleffr","CNTalleffr",3423.16748046875,"xtax"
"ExB14","EU","TOTAL","CNTalleffr","CNTalleffr","CNTalleffr","CNTalleffr",1787.63745117188,"mtax"
"ExB14","ROW","TOTAL","CNTalleffr","CNTalleffr","CNTalleffr","CNTalleffr",-37.3078384399414,"prodtax"
"ExB14","ROW","TOTAL","CNTalleffr","CNTalleffr","CNTalleffr","CNTalleffr",0,"pfacttax"
"ExB14","ROW","TOTAL","CNTalleffr","CNTalleffr","CNTalleffr","CNTalleffr",0.000201071656192653,"inctax"
"ExB14","ROW","TOTAL","CNTalleffr","CNTalleffr","CNTalleffr","CNTalleffr",-400.081970214844,"inputtax"
"ExB14","ROW","TOTAL","CNTalleffr","CNTalleffr","CNTalleffr","CNTalleffr",-440.587554931641,"contax"
"ExB14","ROW","TOTAL","CNTalleffr","CNTalleffr","CNTalleffr","CNTalleffr",35.0250663757324,"invtax"
"ExB14","ROW","TOTAL","CNTalleffr","CNTalleffr","CNTalleffr","CNTalleffr",7.56698417663574,"govtax"
"ExB14","ROW","TOTAL","CNTalleffr","CNTalleffr","CNTalleffr","CNTalleffr",-1568.31042480469,"xtax"
"ExB14","ROW","TOTAL","CNTalleffr","CNTalleffr","CNTalleffr","CNTalleffr",-1796.14562988281,"mtax"
"ExB14","SSA","TOTAL","CNTendw","CNTendw","CNTendw","CNTendw",0,"Land"
"ExB14","EU","TOTAL","CNTendw","CNTendw","CNTendw","CNTendw",0,"Land"
"ExB14","ROW","TOTAL","CNTendw","CNTendw","CNTendw","CNTendw",0,"Land"
"ExB14","SSA","TOTAL","CNTendw","CNTendw","CNTendw","CNTendw",7.94066454545828e-06,"UnskLab"
"ExB14","EU","TOTAL","CNTendw","CNTendw","CNTendw","CNTendw",-0.000431942462455481,"UnskLab"
"ExB14","ROW","TOTAL","CNTendw","CNTendw","CNTendw","CNTendw",0.000584511901251972,"UnskLab"
"ExB14","SSA","TOTAL","CNTendw","CNTendw","CNTendw","CNTendw",-1.15866123451269e-06,"SkLab"
"ExB14","EU","TOTAL","CNTendw","CNTendw","CNTendw","CNTendw",-5.70427509956062e-05,"SkLab"
"ExB14","ROW","TOTAL","CNTendw","CNTendw","CNTendw","CNTendw",-0.000233849845244549,"SkLab"
"ExB14","SSA","TOTAL","CNTendw","CNTendw","CNTendw","CNTendw",3.58054203388747e-05,"Capital"
"ExB14","EU","TOTAL","CNTendw","CNTendw","CNTendw","CNTendw",0.00117734808009118,"Capital"
"ExB14","ROW","TOTAL","CNTendw","CNTendw","CNTendw","CNTendw",0.000253447273280472,"Capital"
"ExB14","SSA","TOTAL","CNTendw","CNTendw","CNTendw","CNTendw",0,"NatRes"
"ExB14","EU","TOTAL","CNTendw","CNTendw","CNTendw","CNTendw",0,"NatRes"
"ExB14","ROW","TOTAL","CNTendw","CNTendw","CNTendw","CNTendw",0,"NatRes"
"ExB14","SSA","TOTAL","CNTqe","CNTqe","CNTqe","CNTqe",0,"Land"
"ExB14","EU","TOTAL","CNTqe","CNTqe","CNTqe","CNTqe",0,"Land"
"ExB14","ROW","TOTAL","CNTqe","CNTqe","CNTqe","CNTqe",0,"Land"
"ExB14","SSA","TOTAL","CNTqe","CNTqe","CNTqe","CNTqe",-5.10558093083091e-05,"UnskLab"
"ExB14","EU","TOTAL","CNTqe","CNTqe","CNTqe","CNTqe",1.61687694344437e-05,"UnskLab"
"ExB14","ROW","TOTAL","CNTqe","CNTqe","CNTqe","CNTqe",-0.000226844727876596,"UnskLab"
"ExB14","SSA","TOTAL","CNTqe","CNTqe","CNTqe","CNTqe",5.8086407079827e-06,"SkLab"
"ExB14","EU","TOTAL","CNTqe","CNTqe","CNTqe","CNTqe",-0.000328664347762242,"SkLab"
"ExB14","ROW","TOTAL","CNTqe","CNTqe","CNTqe","CNTqe",0.000133589317556471,"SkLab"
"ExB14","SSA","TOTAL","CNTqe","CNTqe","CNTqe","CNTqe",2.72111938102171e-05,"Capital"
"ExB14","EU","TOTAL","CNTqe","CNTqe","CNTqe","CNTqe",-0.000123066391097382,"Capital"
"ExB14","ROW","TOTAL","CNTqe","CNTqe","CNTqe","CNTqe",0.000294422294246033,"Capital"
"ExB14","SSA","TOTAL","CNTqe","CNTqe","CNTqe","CNTqe",0,"NatRes"
"ExB14","EU","TOTAL","CNTqe","CNTqe","CNTqe","CNTqe",0,"NatRes"
"ExB14","ROW","TOTAL","CNTqe","CNTqe","CNTqe","CNTqe",0,"NatRes"
"ExB14","SSA","TOTAL","CNTqfeer","CNTqfeer","CNTqfeer","CNTqfeer",0,"Land"
"ExB14","EU","TOTAL","CNTqfeer","CNTqfeer","CNTqfeer","CNTqfeer",0,"Land"
"ExB14","ROW","TOTAL","CNTqfeer","CNTqfeer","CNTqfeer","CNTqfeer",0,"Land"
"ExB14","SSA","TOTAL","CNTqfeer","CNTqfeer","CNTqfeer","CNTqfeer",0,"UnskLab"
"ExB14","EU","TOTAL","CNTqfeer","CNTqfeer","CNTqfeer","CNTqfeer",0,"UnskLab"
"ExB14","ROW","TOTAL","CNTqfeer","CNTqfeer","CNTqfeer","CNTqfeer",0,"UnskLab"
"ExB14","SSA","TOTAL","CNTqfeer","CNTqfeer","CNTqfeer","CNTqfeer",0,"SkLab"
"ExB14","EU","TOTAL","CNTqfeer","CNTqfeer","CNTqfeer","CNTqfeer",0,"SkLab"
"ExB14","ROW","TOTAL","CNTqfeer","CNTqfeer","CNTqfeer","CNTqfeer",0,"SkLab"
"ExB14","SSA","TOTAL","CNTqfeer","CNTqfeer","CNTqfeer","CNTqfeer",0,"Capital"
"ExB14","EU","TOTAL","CNTqfeer","CNTqfeer","CNTqfeer","CNTqfeer",0,"Capital"
"ExB14","ROW","TOTAL","CNTqfeer","CNTqfeer","CNTqfeer","CNTqfeer",0,"Capital"
"ExB14","SSA","TOTAL","CNTqfeer","CNTqfeer","CNTqfeer","CNTqfeer",0,"NatRes"
"ExB14","EU","TOTAL","CNTqfeer","CNTqfeer","CNTqfeer","CNTqfeer",0,"NatRes"
"ExB14","ROW","TOTAL","CNTqfeer","CNTqfeer","CNTqfeer","CNTqfeer",0,"NatRes"
"ExB14","SSA","TOTAL","CNTqfr","CNTqfr","CNTqfr","CNTqfr",-44.0350151062012,"domestic"
"ExB14","SSA","TOTAL","CNTqfr","CNTqfr","CNTqfr","CNTqfr",12.9725856781006,"imported"
"ExB14","EU","TOTAL","CNTqfr","CNTqfr","CNTqfr","CNTqfr",24.3802356719971,"domestic"
"ExB14","EU","TOTAL","CNTqfr","CNTqfr","CNTqfr","CNTqfr",131.001342773438,"imported"
"ExB14","ROW","TOTAL","CNTqfr","CNTqfr","CNTqfr","CNTqfr",-153.331481933594,"domestic"
"ExB14","ROW","TOTAL","CNTqfr","CNTqfr","CNTqfr","CNTqfr",-246.750518798828,"imported"
"ExB14","SSA","TOTAL","CNTqgr","CNTqgr","CNTqgr","CNTqgr",0.932147443294525,"domestic"
"ExB14","SSA","TOTAL","CNTqgr","CNTqgr","CNTqgr","CNTqgr",1.23589313030243,"imported"
"ExB14","EU","TOTAL","CNTqgr","CNTqgr","CNTqgr","CNTqgr",15.1153116226196,"domestic"
"ExB14","EU","TOTAL","CNTqgr","CNTqgr","CNTqgr","CNTqgr",10.8120412826538,"imported"
"ExB14","ROW","TOTAL","CNTqgr","CNTqgr","CNTqgr","CNTqgr",2.20939040184021,"domestic"
"ExB14","ROW","TOTAL","CNTqgr","CNTqgr","CNTqgr","CNTqgr",5.35759401321411,"imported"
"ExB14","SSA","TOTAL","CNTqia","CNTqia","CNTqia","CNTqia",-7.59115552902222,"domestic"
"ExB14","SSA","TOTAL","CNTqia","CNTqia","CNTqia","CNTqia",5.33009958267212,"imported"
"ExB14","EU","TOTAL","CNTqia","CNTqia","CNTqia","CNTqia",22.328634262085,"domestic"
"ExB14","EU","TOTAL","CNTqia","CNTqia","CNTqia","CNTqia",-24.9469127655029,"imported"
"ExB14","ROW","TOTAL","CNTqia","CNTqia","CNTqia","CNTqia",-26.5206890106201,"domestic"
"ExB14","ROW","TOTAL","CNTqia","CNTqia","CNTqia","CNTqia",61.5457763671875,"imported"
"ExB14","SSA","TOTAL","CNTqpr","CNTqpr","CNTqpr","CNTqpr",17.0540504455566,"domestic"
"ExB14","SSA","TOTAL","CNTqpr","CNTqpr","CNTqpr","CNTqpr",-26.1062564849854,"imported"
"ExB14","EU","TOTAL","CNTqpr","CNTqpr","CNTqpr","CNTqpr",-125.655624389648,"domestic"
"ExB14","EU","TOTAL","CNTqpr","CNTqpr","CNTqpr","CNTqpr",257.541870117188,"imported"
"ExB14","ROW","TOTAL","CNTqpr","CNTqpr","CNTqpr","CNTqpr",-31.8382873535156,"domestic"
"ExB14","ROW","TOTAL","CNTqpr","CNTqpr","CNTqpr","CNTqpr",-408.749237060547,"imported"
"ExB14","SSA","TOTAL","CNTtechr","CNTtechr","CNTtechr","CNTtechr",0,"output"
"ExB14","EU","TOTAL","CNTtechr","CNTtechr","CNTtechr","CNTtechr",0,"output"
"ExB14","ROW","TOTAL","CNTtechr","CNTtechr","CNTtechr","CNTtechr",0,"output"
"ExB14","SSA","TOTAL","CNTtechr","CNTtechr","CNTtechr","CNTtechr",0,"primfac"
"ExB14","EU","TOTAL","CNTtechr","CNTtechr","CNTtechr","CNTtechr",0,"primfac"
"ExB14","ROW","TOTAL","CNTtechr","CNTtechr","CNTtechr","CNTtechr",0,"primfac"
"ExB14","SSA","TOTAL","CNTtechr","CNTtechr","CNTtechr","CNTtechr",0,"v_added"
"ExB14","EU","TOTAL","CNTtechr","CNTtechr","CNTtechr","CNTtechr",0,"v_added"
"ExB14","ROW","TOTAL","CNTtechr","CNTtechr","CNTtechr","CNTtechr",0,"v_added"
"ExB14","SSA","TOTAL","CNTtechr","CNTtechr","CNTtechr","CNTtechr",0,"ininput"
"ExB14","EU","TOTAL","CNTtechr","CNTtechr","CNTtechr","CNTtechr",0,"ininput"
"ExB14","ROW","TOTAL","CNTtechr","CNTtechr","CNTtechr","CNTtechr",0,"ininput"
"ExB14","SSA","TOTAL","CNTtechr","CNTtechr","CNTtechr","CNTtechr",0,"invest"
"ExB14","EU","TOTAL","CNTtechr","CNTtechr","CNTtechr","CNTtechr",0,"invest"
"ExB14","ROW","TOTAL","CNTtechr","CNTtechr","CNTtechr","CNTtechr",0,"invest"
"ExB14","SSA","TOTAL","CNTtechr","CNTtechr","CNTtechr","CNTtechr",0,"transp"
"ExB14","EU","TOTAL","CNTtechr","CNTtechr","CNTtechr","CNTtechr",0,"transp"
"ExB14","ROW","TOTAL","CNTtechr","CNTtechr","CNTtechr","CNTtechr",0,"transp"
"ExB14","SSA","TOTAL","CNTtechr","CNTtechr","CNTtechr","CNTtechr",0,"import"
"ExB14","EU","TOTAL","CNTtechr","CNTtechr","CNTtechr","CNTtechr",0,"import"
"ExB14","ROW","TOTAL","CNTtechr","CNTtechr","CNTtechr","CNTtechr",0,"import"
"ExB14","SSA","TOTAL","contgdpexp","contgdpexp","contgdpexp","contgdpexp",0.0884357392787933,"Household"
"ExB14","SSA","TOTAL","contgdpexp","contgdpexp","contgdpexp","contgdpexp",0.00198450684547424,"Investment"
"ExB14","SSA","TOTAL","contgdpexp","contgdpexp","contgdpexp","contgdpexp",0.0561781488358974,"Government"
"ExB14","SSA","TOTAL","contgdpexp","contgdpexp","contgdpexp","contgdpexp",0.0230091940611601,"Exports"
"ExB14","SSA","TOTAL","contgdpexp","contgdpexp","contgdpexp","contgdpexp",-0.007756392005831,"IntnlMargins"
"ExB14","SSA","TOTAL","contgdpexp","contgdpexp","contgdpexp","contgdpexp",-0.171782821416855,"Imports"
"ExB14","EU","TOTAL","contgdpexp","contgdpexp","contgdpexp","contgdpexp",0.0517290644347668,"Household"
"ExB14","EU","TOTAL","contgdpexp","contgdpexp","contgdpexp","contgdpexp",0.00306362868286669,"Investment"
"ExB14","EU","TOTAL","contgdpexp","contgdpexp","contgdpexp","contgdpexp",0.0242394600063562,"Government"
"ExB14","EU","TOTAL","contgdpexp","contgdpexp","contgdpexp","contgdpexp",0.0327381305396557,"Exports"
"ExB14","EU","TOTAL","contgdpexp","contgdpexp","contgdpexp","contgdpexp",0.0252871159464121,"IntnlMargins"
"ExB14","EU","TOTAL","contgdpexp","contgdpexp","contgdpexp","contgdpexp",-0.0378410406410694,"Imports"
"ExB14","ROW","TOTAL","contgdpexp","contgdpexp","contgdpexp","contgdpexp",-0.0261320024728775,"Household"
"ExB14","ROW","TOTAL","contgdpexp","contgdpexp","contgdpexp","contgdpexp",0.00501498160883784,"Investment"
"ExB14","ROW","TOTAL","contgdpexp","contgdpexp","contgdpexp","contgdpexp",0.0056683961302042,"Government"
"ExB14","ROW","TOTAL","contgdpexp","contgdpexp","contgdpexp","contgdpexp",-0.00984097644686699,"Exports"
"ExB14","ROW","TOTAL","contgdpexp","contgdpexp","contgdpexp","contgdpexp",0.00448924163356423,"IntnlMargins"
"ExB14","ROW","TOTAL","contgdpexp","contgdpexp","contgdpexp","contgdpexp",-0.000431748980190605,"Imports"
"ExB14","SSA","TOTAL","endwslack","endwslack","endwslack","endwslack",0,"Land"
"ExB14","EU","TOTAL","endwslack","endwslack","endwslack","endwslack",0,"Land"
"ExB14","ROW","TOTAL","endwslack","endwslack","endwslack","endwslack",0,"Land"
"ExB14","SSA","TOTAL","endwslack","endwslack","endwslack","endwslack",0,"UnskLab"
"ExB14","EU","TOTAL","endwslack","endwslack","endwslack","endwslack",0,"UnskLab"
"ExB14","ROW","TOTAL","endwslack","endwslack","endwslack","endwslack",0,"UnskLab"
"ExB14","SSA","TOTAL","endwslack","endwslack","endwslack","endwslack",0,"SkLab"
"ExB14","EU","TOTAL","endwslack","endwslack","endwslack","endwslack",0,"SkLab"
"ExB14","ROW","TOTAL","endwslack","endwslack","endwslack","endwslack",0,"SkLab"
"ExB14","SSA","TOTAL","endwslack","endwslack","endwslack","endwslack",0,"Capital"
"ExB14","EU","TOTAL","endwslack","endwslack","endwslack","endwslack",0,"Capital"
"ExB14","ROW","TOTAL","endwslack","endwslack","endwslack","endwslack",0,"Capital"
"ExB14","SSA","TOTAL","endwslack","endwslack","endwslack","endwslack",0,"NatRes"
"ExB14","EU","TOTAL","endwslack","endwslack","endwslack","endwslack",0,"NatRes"
"ExB14","ROW","TOTAL","endwslack","endwslack","endwslack","endwslack",0,"NatRes"
"ExB14","SSA","TOTAL","expand","expand","expand","expand",0.0116685032844543,"capital"
"ExB14","EU","TOTAL","expand","expand","expand","expand",0.0160424690693617,"capital"
"ExB14","ROW","TOTAL","expand","expand","expand","expand",0.0222908966243267,"capital"
"ExB14","SSA","TOTAL","pe","pe","pe","pe",2.352858543396,"UnskLab"
"ExB14","EU","TOTAL","pe","pe","pe","pe",-0.99213969707489,"UnskLab"
"ExB14","ROW","TOTAL","pe","pe","pe","pe",0.357663214206696,"UnskLab"
"ExB14","SSA","TOTAL","pe","pe","pe","pe",1.11540806293488,"SkLab"
"ExB14","EU","TOTAL","pe","pe","pe","pe",-0.665093064308167,"SkLab"
"ExB14","ROW","TOTAL","pe","pe","pe","pe",0.221005648374557,"SkLab"
"ExB14","SSA","TOTAL","pe","pe","pe","pe",1.10852444171906,"Capital"
"ExB14","EU","TOTAL","pe","pe","pe","pe",-0.918998122215271,"Capital"
"ExB14","ROW","TOTAL","pe","pe","pe","pe",0.307435154914856,"Capital"
"ExB14","SSA","TOTAL","pe","pe","pe","pe",11.1537208557129,"Land"
"ExB14","EU","TOTAL","pe","pe","pe","pe",-15.6434164047241,"Land"
"ExB14","ROW","TOTAL","pe","pe","pe","pe",5.06690311431885,"Land"
"ExB14","SSA","TOTAL","pebfactreal","pebfactreal","pebfactreal","pebfactreal",0.717551290988922,"UnskLab"
"ExB14","EU","TOTAL","pebfactreal","pebfactreal","pebfactreal","pebfactreal",-0.191310822963715,"UnskLab"
"ExB14","ROW","TOTAL","pebfactreal","pebfactreal","pebfactreal","pebfactreal",-0.0589367672801018,"UnskLab"
"ExB14","SSA","TOTAL","pebfactreal","pebfactreal","pebfactreal","pebfactreal",-0.500128448009491,"SkLab"
"ExB14","EU","TOTAL","pebfactreal","pebfactreal","pebfactreal","pebfactreal",0.138381287455559,"SkLab"
"ExB14","ROW","TOTAL","pebfactreal","pebfactreal","pebfactreal","pebfactreal",-0.195026963949203,"SkLab"
"ExB14","SSA","TOTAL","pebfactreal","pebfactreal","pebfactreal","pebfactreal",-0.506902098655701,"Capital"
"ExB14","EU","TOTAL","pebfactreal","pebfactreal","pebfactreal","pebfactreal",-0.117577634751797,"Capital"
"ExB14","ROW","TOTAL","pebfactreal","pebfactreal","pebfactreal","pebfactreal",-0.108956329524517,"Capital"
"ExB14","SSA","TOTAL","pebfactreal","pebfactreal","pebfactreal","pebfactreal",9.3778018951416,"Land"
"ExB14","EU","TOTAL","pebfactreal","pebfactreal","pebfactreal","pebfactreal",-14.9610986709595,"Land"
"ExB14","ROW","TOTAL","pebfactreal","pebfactreal","pebfactreal","pebfactreal",4.6307544708252,"Land"
"ExB14","SSA","TOTAL","pefactreal","pefactreal","pefactreal","pefactreal",0.717551231384277,"UnskLab"
"ExB14","EU","TOTAL","pefactreal","pefactreal","pefactreal","pefactreal",-0.191310778260231,"UnskLab"
"ExB14","ROW","TOTAL","pefactreal","pefactreal","pefactreal","pefactreal",-0.0589367747306824,"UnskLab"
"ExB14","SSA","TOTAL","pefactreal","pefactreal","pefactreal","pefactreal",-0.500128448009491,"SkLab"
"ExB14","EU","TOTAL","pefactreal","pefactreal","pefactreal","pefactreal",0.13838130235672,"SkLab"
"ExB14","ROW","TOTAL","pefactreal","pefactreal","pefactreal","pefactreal",-0.195026993751526,"SkLab"
"ExB14","SSA","TOTAL","pefactreal","pefactreal","pefactreal","pefactreal",-0.506902098655701,"Capital"
"ExB14","EU","TOTAL","pefactreal","pefactreal","pefactreal","pefactreal",-0.117577597498894,"Capital"
"ExB14","ROW","TOTAL","pefactreal","pefactreal","pefactreal","pefactreal",-0.108956307172775,"Capital"
"ExB14","SSA","TOTAL","pefactreal","pefactreal","pefactreal","pefactreal",9.3778018951416,"Land"
"ExB14","EU","TOTAL","pefactreal","pefactreal","pefactreal","pefactreal",-14.9610986709595,"Land"
"ExB14","ROW","TOTAL","pefactreal","pefactreal","pefactreal","pefactreal",4.6307544708252,"Land"
"ExB14","SSA","TOTAL","qe","qe","qe","qe",0,"UnskLab"
"ExB14","EU","TOTAL","qe","qe","qe","qe",0,"UnskLab"
"ExB14","ROW","TOTAL","qe","qe","qe","qe",0,"UnskLab"
"ExB14","SSA","TOTAL","qe","qe","qe","qe",0,"SkLab"
"ExB14","EU","TOTAL","qe","qe","qe","qe",0,"SkLab"
"ExB14","ROW","TOTAL","qe","qe","qe","qe",0,"SkLab"
"ExB14","SSA","TOTAL","qe","qe","qe","qe",0,"Capital"
"ExB14","EU","TOTAL","qe","qe","qe","qe",0,"Capital"
"ExB14","ROW","TOTAL","qe","qe","qe","qe",0,"Capital"
"ExB14","SSA","TOTAL","qe","qe","qe","qe",0,"Land"
"ExB14","EU","TOTAL","qe","qe","qe","qe",0,"Land"
"ExB14","ROW","TOTAL","qe","qe","qe","qe",0,"Land"
"ExB14","SSA","TOTAL","qst","qst","qst","qst",-0.543650031089783,"Svces"
"ExB14","EU","TOTAL","qst","qst","qst","qst",1.63057601451874,"Svces"
"ExB14","ROW","TOTAL","qst","qst","qst","qst",0.479311108589172,"Svces"
"ExB15","SSA","TOTAL","CNTalleffr","CNTalleffr","CNTalleffr","CNTalleffr",-154.855880737305,"prodtax"
"ExB15","SSA","TOTAL","CNTalleffr","CNTalleffr","CNTalleffr","CNTalleffr",0,"pfacttax"
"ExB15","SSA","TOTAL","CNTalleffr","CNTalleffr","CNTalleffr","CNTalleffr",-1.80359784280881e-05,"inctax"
"ExB15","SSA","TOTAL","CNTalleffr","CNTalleffr","CNTalleffr","CNTalleffr",-31.062427520752,"inputtax"
"ExB15","SSA","TOTAL","CNTalleffr","CNTalleffr","CNTalleffr","CNTalleffr",-9.05222320556641,"contax"
"ExB15","SSA","TOTAL","CNTalleffr","CNTalleffr","CNTalleffr","CNTalleffr",-2.26105737686157,"invtax"
"ExB15","SSA","TOTAL","CNTalleffr","CNTalleffr","CNTalleffr","CNTalleffr",2.16804051399231,"govtax"
"ExB15","SSA","TOTAL","CNTalleffr","CNTalleffr","CNTalleffr","CNTalleffr",98.1474838256836,"xtax"
"ExB15","SSA","TOTAL","CNTalleffr","CNTalleffr","CNTalleffr","CNTalleffr",65.5063629150391,"mtax"
"ExB15","SSA","to changes","CNTalleffr","CNTalleffr","CNTalleffr","CNTalleffr",-15.0588417053223,"prodtax"
"ExB15","SSA","to changes","CNTalleffr","CNTalleffr","CNTalleffr","CNTalleffr",0,"pfacttax"
"ExB15","SSA","to changes","CNTalleffr","CNTalleffr","CNTalleffr","CNTalleffr",-1.57766714892205e-06,"inctax"
"ExB15","SSA","to changes","CNTalleffr","CNTalleffr","CNTalleffr","CNTalleffr",-2.92368245124817,"inputtax"
"ExB15","SSA","to changes","CNTalleffr","CNTalleffr","CNTalleffr","CNTalleffr",1.55597257614136,"contax"
"ExB15","SSA","to changes","CNTalleffr","CNTalleffr","CNTalleffr","CNTalleffr",-0.144302204251289,"invtax"
"ExB15","SSA","to changes","CNTalleffr","CNTalleffr","CNTalleffr","CNTalleffr",0.229144975543022,"govtax"
"ExB15","SSA","to changes","CNTalleffr","CNTalleffr","CNTalleffr","CNTalleffr",12.238657951355,"xtax"
"ExB15","SSA","to changes","CNTalleffr","CNTalleffr","CNTalleffr","CNTalleffr",3.81468176841736,"mtax"
"ExB15","SSA","txs changes","CNTalleffr","CNTalleffr","CNTalleffr","CNTalleffr",-33.9202461242676,"prodtax"
"ExB15","SSA","txs changes","CNTalleffr","CNTalleffr","CNTalleffr","CNTalleffr",0,"pfacttax"
"ExB15","SSA","txs changes","CNTalleffr","CNTalleffr","CNTalleffr","CNTalleffr",-6.98322764947079e-06,"inctax"
"ExB15","SSA","txs changes","CNTalleffr","CNTalleffr","CNTalleffr","CNTalleffr",-8.32989406585693,"inputtax"
"ExB15","SSA","txs changes","CNTalleffr","CNTalleffr","CNTalleffr","CNTalleffr",-48.5937805175781,"contax"
"ExB15","SSA","txs changes","CNTalleffr","CNTalleffr","CNTalleffr","CNTalleffr",0.121546283364296,"invtax"
"ExB15","SSA","txs changes","CNTalleffr","CNTalleffr","CNTalleffr","CNTalleffr",0.132801041007042,"govtax"
"ExB15","SSA","txs changes","CNTalleffr","CNTalleffr","CNTalleffr","CNTalleffr",-31.3066673278809,"xtax"
"ExB15","SSA","txs changes","CNTalleffr","CNTalleffr","CNTalleffr","CNTalleffr",59.420711517334,"mtax"
"ExB15","SSA","tms changes","CNTalleffr","CNTalleffr","CNTalleffr","CNTalleffr",-105.881187438965,"prodtax"
"ExB15","SSA","tms changes","CNTalleffr","CNTalleffr","CNTalleffr","CNTalleffr",0,"pfacttax"
"ExB15","SSA","tms changes","CNTalleffr","CNTalleffr","CNTalleffr","CNTalleffr",-9.47510670812335e-06,"inctax"
"ExB15","SSA","tms changes","CNTalleffr","CNTalleffr","CNTalleffr","CNTalleffr",-19.8088569641113,"inputtax"
"ExB15","SSA","tms changes","CNTalleffr","CNTalleffr","CNTalleffr","CNTalleffr",37.9855842590332,"contax"
"ExB15","SSA","tms changes","CNTalleffr","CNTalleffr","CNTalleffr","CNTalleffr",-2.23830270767212,"invtax"
"ExB15","SSA","tms changes","CNTalleffr","CNTalleffr","CNTalleffr","CNTalleffr",1.80620908737183,"govtax"
"ExB15","SSA","tms changes","CNTalleffr","CNTalleffr","CNTalleffr","CNTalleffr",117.21549987793,"xtax"
"ExB15","SSA","tms changes","CNTalleffr","CNTalleffr","CNTalleffr","CNTalleffr",2.2709584236145,"mtax"
"ExB15","EU","TOTAL","CNTalleffr","CNTalleffr","CNTalleffr","CNTalleffr",2623.00048828125,"prodtax"
"ExB15","EU","TOTAL","CNTalleffr","CNTalleffr","CNTalleffr","CNTalleffr",0,"pfacttax"
"ExB15","EU","TOTAL","CNTalleffr","CNTalleffr","CNTalleffr","CNTalleffr",-0.000451504602096975,"inctax"
"ExB15","EU","TOTAL","CNTalleffr","CNTalleffr","CNTalleffr","CNTalleffr",155.381591796875,"inputtax"
"ExB15","EU","TOTAL","CNTalleffr","CNTalleffr","CNTalleffr","CNTalleffr",131.920715332031,"contax"
"ExB15","EU","TOTAL","CNTalleffr","CNTalleffr","CNTalleffr","CNTalleffr",-2.61830377578735,"invtax"
"ExB15","EU","TOTAL","CNTalleffr","CNTalleffr","CNTalleffr","CNTalleffr",25.9280109405518,"govtax"
"ExB15","EU","TOTAL","CNTalleffr","CNTalleffr","CNTalleffr","CNTalleffr",3423.16748046875,"xtax"
"ExB15","EU","TOTAL","CNTalleffr","CNTalleffr","CNTalleffr","CNTalleffr",1787.63745117188,"mtax"
"ExB15","EU","to changes","CNTalleffr","CNTalleffr","CNTalleffr","CNTalleffr",367.03857421875,"prodtax"
"ExB15","EU","to changes","CNTalleffr","CNTalleffr","CNTalleffr","CNTalleffr",0,"pfacttax"
"ExB15","EU","to changes","CNTalleffr","CNTalleffr","CNTalleffr","CNTalleffr",-4.26077131123748e-05,"inctax"
"ExB15","EU","to changes","CNTalleffr","CNTalleffr","CNTalleffr","CNTalleffr",19.2324771881104,"inputtax"
"ExB15","EU","to changes","CNTalleffr","CNTalleffr","CNTalleffr","CNTalleffr",-59.9568405151367,"contax"
"ExB15","EU","to changes","CNTalleffr","CNTalleffr","CNTalleffr","CNTalleffr",1.2110743522644,"invtax"
"ExB15","EU","to changes","CNTalleffr","CNTalleffr","CNTalleffr","CNTalleffr",10.7728595733643,"govtax"
"ExB15","EU","to changes","CNTalleffr","CNTalleffr","CNTalleffr","CNTalleffr",256.419616699219,"xtax"
"ExB15","EU","to changes","CNTalleffr","CNTalleffr","CNTalleffr","CNTalleffr",175.719757080078,"mtax"
"ExB15","EU","txs changes","CNTalleffr","CNTalleffr","CNTalleffr","CNTalleffr",1070.29077148438,"prodtax"
"ExB15","EU","txs changes","CNTalleffr","CNTalleffr","CNTalleffr","CNTalleffr",0,"pfacttax"
"ExB15","EU","txs changes","CNTalleffr","CNTalleffr","CNTalleffr","CNTalleffr",-0.00017146157915704,"inctax"
"ExB15","EU","txs changes","CNTalleffr","CNTalleffr","CNTalleffr","CNTalleffr",-13.9026966094971,"inputtax"
"ExB15","EU","txs changes","CNTalleffr","CNTalleffr","CNTalleffr","CNTalleffr",182.245422363281,"contax"
"ExB15","EU","txs changes","CNTalleffr","CNTalleffr","CNTalleffr","CNTalleffr",-0.573453903198242,"invtax"
"ExB15","EU","txs changes","CNTalleffr","CNTalleffr","CNTalleffr","CNTalleffr",24.6415004730225,"govtax"
"ExB15","EU","txs changes","CNTalleffr","CNTalleffr","CNTalleffr","CNTalleffr",3368.74267578125,"xtax"
"ExB15","EU","txs changes","CNTalleffr","CNTalleffr","CNTalleffr","CNTalleffr",-590.380676269531,"mtax"
"ExB15","EU","tms changes","CNTalleffr","CNTalleffr","CNTalleffr","CNTalleffr",1185.67126464844,"prodtax"
"ExB15","EU","tms changes","CNTalleffr","CNTalleffr","CNTalleffr","CNTalleffr",0,"pfacttax"
"ExB15","EU","tms changes","CNTalleffr","CNTalleffr","CNTalleffr","CNTalleffr",-0.000220067420741543,"inctax"
"ExB15","EU","tms changes","CNTalleffr","CNTalleffr","CNTalleffr","CNTalleffr",150.051773071289,"inputtax"
"ExB15","EU","tms changes","CNTalleffr","CNTalleffr","CNTalleffr","CNTalleffr",9.63514041900635,"contax"
"ExB15","EU","tms changes","CNTalleffr","CNTalleffr","CNTalleffr","CNTalleffr",-3.2559072971344,"invtax"
"ExB15","EU","tms changes","CNTalleffr","CNTalleffr","CNTalleffr","CNTalleffr",-9.48637294769287,"govtax"
"ExB15","EU","tms changes","CNTalleffr","CNTalleffr","CNTalleffr","CNTalleffr",-197.725051879883,"xtax"
"ExB15","EU","tms changes","CNTalleffr","CNTalleffr","CNTalleffr","CNTalleffr",2202.2978515625,"mtax"
"ExB15","ROW","TOTAL","CNTalleffr","CNTalleffr","CNTalleffr","CNTalleffr",-37.3078384399414,"prodtax"
"ExB15","ROW","TOTAL","CNTalleffr","CNTalleffr","CNTalleffr","CNTalleffr",0,"pfacttax"
"ExB15","ROW","TOTAL","CNTalleffr","CNTalleffr","CNTalleffr","CNTalleffr",0.000201071656192653,"inctax"
"ExB15","ROW","TOTAL","CNTalleffr","CNTalleffr","CNTalleffr","CNTalleffr",-400.081970214844,"inputtax"
"ExB15","ROW","TOTAL","CNTalleffr","CNTalleffr","CNTalleffr","CNTalleffr",-440.587554931641,"contax"
"ExB15","ROW","TOTAL","CNTalleffr","CNTalleffr","CNTalleffr","CNTalleffr",35.0250663757324,"invtax"
"ExB15","ROW","TOTAL","CNTalleffr","CNTalleffr","CNTalleffr","CNTalleffr",7.56698417663574,"govtax"
"ExB15","ROW","TOTAL","CNTalleffr","CNTalleffr","CNTalleffr","CNTalleffr",-1568.31042480469,"xtax"
"ExB15","ROW","TOTAL","CNTalleffr","CNTalleffr","CNTalleffr","CNTalleffr",-1796.14562988281,"mtax"
"ExB15","ROW","to changes","CNTalleffr","CNTalleffr","CNTalleffr","CNTalleffr",-7.57834959030151,"prodtax"
"ExB15","ROW","to changes","CNTalleffr","CNTalleffr","CNTalleffr","CNTalleffr",0,"pfacttax"
"ExB15","ROW","to changes","CNTalleffr","CNTalleffr","CNTalleffr","CNTalleffr",-1.35946620503091e-05,"inctax"
"ExB15","ROW","to changes","CNTalleffr","CNTalleffr","CNTalleffr","CNTalleffr",-33.2223510742188,"inputtax"
"ExB15","ROW","to changes","CNTalleffr","CNTalleffr","CNTalleffr","CNTalleffr",-30.9854068756104,"contax"
"ExB15","ROW","to changes","CNTalleffr","CNTalleffr","CNTalleffr","CNTalleffr",11.8784208297729,"invtax"
"ExB15","ROW","to changes","CNTalleffr","CNTalleffr","CNTalleffr","CNTalleffr",0.794810235500336,"govtax"
"ExB15","ROW","to changes","CNTalleffr","CNTalleffr","CNTalleffr","CNTalleffr",-138.468719482422,"xtax"
"ExB15","ROW","to changes","CNTalleffr","CNTalleffr","CNTalleffr","CNTalleffr",-114.089073181152,"mtax"
"ExB15","ROW","txs changes","CNTalleffr","CNTalleffr","CNTalleffr","CNTalleffr",32.3956184387207,"prodtax"
"ExB15","ROW","txs changes","CNTalleffr","CNTalleffr","CNTalleffr","CNTalleffr",0,"pfacttax"
"ExB15","ROW","txs changes","CNTalleffr","CNTalleffr","CNTalleffr","CNTalleffr",5.14759412908461e-05,"inctax"
"ExB15","ROW","txs changes","CNTalleffr","CNTalleffr","CNTalleffr","CNTalleffr",-316.545623779297,"inputtax"
"ExB15","ROW","txs changes","CNTalleffr","CNTalleffr","CNTalleffr","CNTalleffr",-541.446960449219,"contax"
"ExB15","ROW","txs changes","CNTalleffr","CNTalleffr","CNTalleffr","CNTalleffr",13.9004392623901,"invtax"
"ExB15","ROW","txs changes","CNTalleffr","CNTalleffr","CNTalleffr","CNTalleffr",-1.10067892074585,"govtax"
"ExB15","ROW","txs changes","CNTalleffr","CNTalleffr","CNTalleffr","CNTalleffr",-369.517822265625,"xtax"
"ExB15","ROW","txs changes","CNTalleffr","CNTalleffr","CNTalleffr","CNTalleffr",-2797.04345703125,"mtax"
"ExB15","ROW","tms changes","CNTalleffr","CNTalleffr","CNTalleffr","CNTalleffr",-62.1252593994141,"prodtax"
"ExB15","ROW","tms changes","CNTalleffr","CNTalleffr","CNTalleffr","CNTalleffr",0,"pfacttax"
"ExB15","ROW","tms changes","CNTalleffr","CNTalleffr","CNTalleffr","CNTalleffr",0.000131352571770549,"inctax"
"ExB15","ROW","tms changes","CNTalleffr","CNTalleffr","CNTalleffr","CNTalleffr",-50.3214874267578,"inputtax"
"ExB15","ROW","tms changes","CNTalleffr","CNTalleffr","CNTalleffr","CNTalleffr",131.844924926758,"contax"
"ExB15","ROW","tms changes","CNTalleffr","CNTalleffr","CNTalleffr","CNTalleffr",9.24488544464111,"invtax"
"ExB15","ROW","tms changes","CNTalleffr","CNTalleffr","CNTalleffr","CNTalleffr",7.87285804748535,"govtax"
"ExB15","ROW","tms changes","CNTalleffr","CNTalleffr","CNTalleffr","CNTalleffr",-1060.31298828125,"xtax"
"ExB15","ROW","tms changes","CNTalleffr","CNTalleffr","CNTalleffr","CNTalleffr",1114.98657226562,"mtax"
"ExB15","SSA","TOTAL","CNTendw","CNTendw","CNTendw","CNTendw",0,"Land"
"ExB15","EU","TOTAL","CNTendw","CNTendw","CNTendw","CNTendw",0,"Land"
"ExB15","ROW","TOTAL","CNTendw","CNTendw","CNTendw","CNTendw",0,"Land"
"ExB15","SSA","to changes","CNTendw","CNTendw","CNTendw","CNTendw",0,"Land"
"ExB15","EU","to changes","CNTendw","CNTendw","CNTendw","CNTendw",0,"Land"
"ExB15","ROW","to changes","CNTendw","CNTendw","CNTendw","CNTendw",0,"Land"
"ExB15","SSA","txs changes","CNTendw","CNTendw","CNTendw","CNTendw",0,"Land"
"ExB15","EU","txs changes","CNTendw","CNTendw","CNTendw","CNTendw",0,"Land"
"ExB15","ROW","txs changes","CNTendw","CNTendw","CNTendw","CNTendw",0,"Land"
"ExB15","SSA","tms changes","CNTendw","CNTendw","CNTendw","CNTendw",0,"Land"
"ExB15","EU","tms changes","CNTendw","CNTendw","CNTendw","CNTendw",0,"Land"
"ExB15","ROW","tms changes","CNTendw","CNTendw","CNTendw","CNTendw",0,"Land"
"ExB15","SSA","TOTAL","CNTendw","CNTendw","CNTendw","CNTendw",7.94066454545828e-06,"UnskLab"
"ExB15","EU","TOTAL","CNTendw","CNTendw","CNTendw","CNTendw",-0.000431942462455481,"UnskLab"
"ExB15","ROW","TOTAL","CNTendw","CNTendw","CNTendw","CNTendw",0.000584511901251972,"UnskLab"
"ExB15","SSA","to changes","CNTendw","CNTendw","CNTendw","CNTendw",-2.01830644073198e-05,"UnskLab"
"ExB15","EU","to changes","CNTendw","CNTendw","CNTendw","CNTendw",-0.000262446759734303,"UnskLab"
"ExB15","ROW","to changes","CNTendw","CNTendw","CNTendw","CNTendw",2.54219253292831e-06,"UnskLab"
"ExB15","SSA","txs changes","CNTendw","CNTendw","CNTendw","CNTendw",-3.03296701531508e-06,"UnskLab"
"ExB15","EU","txs changes","CNTendw","CNTendw","CNTendw","CNTendw",-7.88773395470344e-05,"UnskLab"
"ExB15","ROW","txs changes","CNTendw","CNTendw","CNTendw","CNTendw",0.000409943982958794,"UnskLab"
"ExB15","SSA","tms changes","CNTendw","CNTendw","CNTendw","CNTendw",-2.45372689278156e-06,"UnskLab"
"ExB15","EU","tms changes","CNTendw","CNTendw","CNTendw","CNTendw",-0.000313196505885571,"UnskLab"
"ExB15","ROW","tms changes","CNTendw","CNTendw","CNTendw","CNTendw",0.000194727210327983,"UnskLab"
"ExB15","SSA","TOTAL","CNTendw","CNTendw","CNTendw","CNTendw",-1.15866123451269e-06,"SkLab"
"ExB15","EU","TOTAL","CNTendw","CNTendw","CNTendw","CNTendw",-5.70427509956062e-05,"SkLab"
"ExB15","ROW","TOTAL","CNTendw","CNTendw","CNTendw","CNTendw",-0.000233849845244549,"SkLab"
"ExB15","SSA","to changes","CNTendw","CNTendw","CNTendw","CNTendw",2.89294007416174e-06,"SkLab"
"ExB15","EU","to changes","CNTendw","CNTendw","CNTendw","CNTendw",-6.93341735313879e-06,"SkLab"
"ExB15","ROW","to changes","CNTendw","CNTendw","CNTendw","CNTendw",5.68787527299719e-06,"SkLab"
"ExB15","SSA","txs changes","CNTendw","CNTendw","CNTendw","CNTendw",6.01568854108336e-06,"SkLab"
"ExB15","EU","txs changes","CNTendw","CNTendw","CNTendw","CNTendw",-3.39789876306895e-05,"SkLab"
"ExB15","ROW","txs changes","CNTendw","CNTendw","CNTendw","CNTendw",2.44740240304964e-05,"SkLab"
"ExB15","SSA","tms changes","CNTendw","CNTendw","CNTendw","CNTendw",7.90454294019582e-07,"SkLab"
"ExB15","EU","tms changes","CNTendw","CNTendw","CNTendw","CNTendw",-5.81250933464617e-05,"SkLab"
"ExB15","ROW","tms changes","CNTendw","CNTendw","CNTendw","CNTendw",-1.95310640265234e-05,"SkLab"
"ExB15","SSA","TOTAL","CNTendw","CNTendw","CNTendw","CNTendw",3.58054203388747e-05,"Capital"
"ExB15","EU","TOTAL","CNTendw","CNTendw","CNTendw","CNTendw",0.00117734808009118,"Capital"
"ExB15","ROW","TOTAL","CNTendw","CNTendw","CNTendw","CNTendw",0.000253447273280472,"Capital"
"ExB15","SSA","to changes","CNTendw","CNTendw","CNTendw","CNTendw",-1.41800194342068e-06,"Capital"
"ExB15","EU","to changes","CNTendw","CNTendw","CNTendw","CNTendw",2.92473250738112e-05,"Capital"
"ExB15","ROW","to changes","CNTendw","CNTendw","CNTendw","CNTendw",8.52990706334822e-06,"Capital"
"ExB15","SSA","txs changes","CNTendw","CNTendw","CNTendw","CNTendw",-1.01651185104856e-05,"Capital"
"ExB15","EU","txs changes","CNTendw","CNTendw","CNTendw","CNTendw",-0.000284005800494924,"Capital"
"ExB15","ROW","txs changes","CNTendw","CNTendw","CNTendw","CNTendw",0.000302550091873854,"Capital"
"ExB15","SSA","tms changes","CNTendw","CNTendw","CNTendw","CNTendw",-2.6147506559937e-06,"Capital"
"ExB15","EU","tms changes","CNTendw","CNTendw","CNTendw","CNTendw",7.88762699812651e-05,"Capital"
"ExB15","ROW","tms changes","CNTendw","CNTendw","CNTendw","CNTendw",0.000102521255030297,"Capital"
"ExB15","SSA","TOTAL","CNTendw","CNTendw","CNTendw","CNTendw",0,"NatRes"
"ExB15","EU","TOTAL","CNTendw","CNTendw","CNTendw","CNTendw",0,"NatRes"
"ExB15","ROW","TOTAL","CNTendw","CNTendw","CNTendw","CNTendw",0,"NatRes"
"ExB15","SSA","to changes","CNTendw","CNTendw","CNTendw","CNTendw",0,"NatRes"
"ExB15","EU","to changes","CNTendw","CNTendw","CNTendw","CNTendw",0,"NatRes"
"ExB15","ROW","to changes","CNTendw","CNTendw","CNTendw","CNTendw",0,"NatRes"
"ExB15","SSA","txs changes","CNTendw","CNTendw","CNTendw","CNTendw",0,"NatRes"
"ExB15","EU","txs changes","CNTendw","CNTendw","CNTendw","CNTendw",0,"NatRes"
"ExB15","ROW","txs changes","CNTendw","CNTendw","CNTendw","CNTendw",0,"NatRes"
"ExB15","SSA","tms changes","CNTendw","CNTendw","CNTendw","CNTendw",0,"NatRes"
"ExB15","EU","tms changes","CNTendw","CNTendw","CNTendw","CNTendw",0,"NatRes"
"ExB15","ROW","tms changes","CNTendw","CNTendw","CNTendw","CNTendw",0,"NatRes"
"ExB15","SSA","TOTAL","CNTqe","CNTqe","CNTqe","CNTqe",0,"Land"
"ExB15","EU","TOTAL","CNTqe","CNTqe","CNTqe","CNTqe",0,"Land"
"ExB15","ROW","TOTAL","CNTqe","CNTqe","CNTqe","CNTqe",0,"Land"
"ExB15","SSA","to changes","CNTqe","CNTqe","CNTqe","CNTqe",0,"Land"
"ExB15","EU","to changes","CNTqe","CNTqe","CNTqe","CNTqe",0,"Land"
"ExB15","ROW","to changes","CNTqe","CNTqe","CNTqe","CNTqe",0,"Land"
"ExB15","SSA","txs changes","CNTqe","CNTqe","CNTqe","CNTqe",0,"Land"
"ExB15","EU","txs changes","CNTqe","CNTqe","CNTqe","CNTqe",0,"Land"
"ExB15","ROW","txs changes","CNTqe","CNTqe","CNTqe","CNTqe",0,"Land"
"ExB15","SSA","tms changes","CNTqe","CNTqe","CNTqe","CNTqe",0,"Land"
"ExB15","EU","tms changes","CNTqe","CNTqe","CNTqe","CNTqe",0,"Land"
"ExB15","ROW","tms changes","CNTqe","CNTqe","CNTqe","CNTqe",0,"Land"
"ExB15","SSA","TOTAL","CNTqe","CNTqe","CNTqe","CNTqe",-5.10558093083091e-05,"UnskLab"
"ExB15","EU","TOTAL","CNTqe","CNTqe","CNTqe","CNTqe",1.61687694344437e-05,"UnskLab"
"ExB15","ROW","TOTAL","CNTqe","CNTqe","CNTqe","CNTqe",-0.000226844727876596,"UnskLab"
"ExB15","SSA","to changes","CNTqe","CNTqe","CNTqe","CNTqe",-4.84592965221964e-06,"UnskLab"
"ExB15","EU","to changes","CNTqe","CNTqe","CNTqe","CNTqe",3.88179842047975e-06,"UnskLab"
"ExB15","ROW","to changes","CNTqe","CNTqe","CNTqe","CNTqe",-2.74093490588712e-05,"UnskLab"
"ExB15","SSA","txs changes","CNTqe","CNTqe","CNTqe","CNTqe",-1.3419943570625e-05,"UnskLab"
"ExB15","EU","txs changes","CNTqe","CNTqe","CNTqe","CNTqe",6.05266677666805e-06,"UnskLab"
"ExB15","ROW","txs changes","CNTqe","CNTqe","CNTqe","CNTqe",-7.93215149315074e-05,"UnskLab"
"ExB15","SSA","tms changes","CNTqe","CNTqe","CNTqe","CNTqe",-3.27899469994009e-05,"UnskLab"
"ExB15","EU","tms changes","CNTqe","CNTqe","CNTqe","CNTqe",6.23430378254852e-06,"UnskLab"
"ExB15","ROW","tms changes","CNTqe","CNTqe","CNTqe","CNTqe",-0.000126150349387899,"UnskLab"
"ExB15","SSA","TOTAL","CNTqe","CNTqe","CNTqe","CNTqe",5.8086407079827e-06,"SkLab"
"ExB15","EU","TOTAL","CNTqe","CNTqe","CNTqe","CNTqe",-0.000328664347762242,"SkLab"
"ExB15","ROW","TOTAL","CNTqe","CNTqe","CNTqe","CNTqe",0.000133589317556471,"SkLab"
"ExB15","SSA","to changes","CNTqe","CNTqe","CNTqe","CNTqe",5.81094354856759e-07,"SkLab"
"ExB15","EU","to changes","CNTqe","CNTqe","CNTqe","CNTqe",-3.08437411149498e-05,"SkLab"
"ExB15","ROW","to changes","CNTqe","CNTqe","CNTqe","CNTqe",1.14558160930756e-05,"SkLab"
"ExB15","SSA","txs changes","CNTqe","CNTqe","CNTqe","CNTqe",9.94501078821486e-07,"SkLab"
"ExB15","EU","txs changes","CNTqe","CNTqe","CNTqe","CNTqe",-0.000113582624180708,"SkLab"
"ExB15","ROW","txs changes","CNTqe","CNTqe","CNTqe","CNTqe",5.84615881962236e-05,"SkLab"
"ExB15","SSA","tms changes","CNTqe","CNTqe","CNTqe","CNTqe",4.23304436480976e-06,"SkLab"
"ExB15","EU","tms changes","CNTqe","CNTqe","CNTqe","CNTqe",-0.000184238830115646,"SkLab"
"ExB15","ROW","tms changes","CNTqe","CNTqe","CNTqe","CNTqe",6.36718614259735e-05,"SkLab"
"ExB15","SSA","TOTAL","CNTqe","CNTqe","CNTqe","CNTqe",2.72111938102171e-05,"Capital"
"ExB15","EU","TOTAL","CNTqe","CNTqe","CNTqe","CNTqe",-0.000123066391097382,"Capital"
"ExB15","ROW","TOTAL","CNTqe","CNTqe","CNTqe","CNTqe",0.000294422294246033,"Capital"
"ExB15","SSA","to changes","CNTqe","CNTqe","CNTqe","CNTqe",2.68716735263297e-06,"Capital"
"ExB15","EU","to changes","CNTqe","CNTqe","CNTqe","CNTqe",-1.57728700287407e-05,"Capital"
"ExB15","ROW","to changes","CNTqe","CNTqe","CNTqe","CNTqe",2.40913254856423e-06,"Capital"
"ExB15","SSA","txs changes","CNTqe","CNTqe","CNTqe","CNTqe",5.44221393283806e-06,"Capital"
"ExB15","EU","txs changes","CNTqe","CNTqe","CNTqe","CNTqe",-2.46988056460395e-05,"Capital"
"ExB15","ROW","txs changes","CNTqe","CNTqe","CNTqe","CNTqe",7.23729317542166e-05,"Capital"
"ExB15","SSA","tms changes","CNTqe","CNTqe","CNTqe","CNTqe",1.90817972907098e-05,"Capital"
"ExB15","EU","tms changes","CNTqe","CNTqe","CNTqe","CNTqe",-1.2556017281895e-05,"Capital"
"ExB15","ROW","tms changes","CNTqe","CNTqe","CNTqe","CNTqe",0.000193876694538631,"Capital"
"ExB15","SSA","TOTAL","CNTqe","CNTqe","CNTqe","CNTqe",0,"NatRes"
"ExB15","EU","TOTAL","CNTqe","CNTqe","CNTqe","CNTqe",0,"NatRes"
"ExB15","ROW","TOTAL","CNTqe","CNTqe","CNTqe","CNTqe",0,"NatRes"
"ExB15","SSA","to changes","CNTqe","CNTqe","CNTqe","CNTqe",0,"NatRes"
"ExB15","EU","to changes","CNTqe","CNTqe","CNTqe","CNTqe",0,"NatRes"
"ExB15","ROW","to changes","CNTqe","CNTqe","CNTqe","CNTqe",0,"NatRes"
"ExB15","SSA","txs changes","CNTqe","CNTqe","CNTqe","CNTqe",0,"NatRes"
"ExB15","EU","txs changes","CNTqe","CNTqe","CNTqe","CNTqe",0,"NatRes"
"ExB15","ROW","txs changes","CNTqe","CNTqe","CNTqe","CNTqe",0,"NatRes"
"ExB15","SSA","tms changes","CNTqe","CNTqe","CNTqe","CNTqe",0,"NatRes"
"ExB15","EU","tms changes","CNTqe","CNTqe","CNTqe","CNTqe",0,"NatRes"
"ExB15","ROW","tms changes","CNTqe","CNTqe","CNTqe","CNTqe",0,"NatRes"
"ExB15","SSA","TOTAL","CNTqfeer","CNTqfeer","CNTqfeer","CNTqfeer",0,"Land"
"ExB15","EU","TOTAL","CNTqfeer","CNTqfeer","CNTqfeer","CNTqfeer",0,"Land"
"ExB15","ROW","TOTAL","CNTqfeer","CNTqfeer","CNTqfeer","CNTqfeer",0,"Land"
"ExB15","SSA","to changes","CNTqfeer","CNTqfeer","CNTqfeer","CNTqfeer",0,"Land"
"ExB15","EU","to changes","CNTqfeer","CNTqfeer","CNTqfeer","CNTqfeer",0,"Land"
"ExB15","ROW","to changes","CNTqfeer","CNTqfeer","CNTqfeer","CNTqfeer",0,"Land"
"ExB15","SSA","txs changes","CNTqfeer","CNTqfeer","CNTqfeer","CNTqfeer",0,"Land"
"ExB15","EU","txs changes","CNTqfeer","CNTqfeer","CNTqfeer","CNTqfeer",0,"Land"
"ExB15","ROW","txs changes","CNTqfeer","CNTqfeer","CNTqfeer","CNTqfeer",0,"Land"
"ExB15","SSA","tms changes","CNTqfeer","CNTqfeer","CNTqfeer","CNTqfeer",0,"Land"
"ExB15","EU","tms changes","CNTqfeer","CNTqfeer","CNTqfeer","CNTqfeer",0,"Land"
"ExB15","ROW","tms changes","CNTqfeer","CNTqfeer","CNTqfeer","CNTqfeer",0,"Land"
"ExB15","SSA","TOTAL","CNTqfeer","CNTqfeer","CNTqfeer","CNTqfeer",0,"UnskLab"
"ExB15","EU","TOTAL","CNTqfeer","CNTqfeer","CNTqfeer","CNTqfeer",0,"UnskLab"
"ExB15","ROW","TOTAL","CNTqfeer","CNTqfeer","CNTqfeer","CNTqfeer",0,"UnskLab"
"ExB15","SSA","to changes","CNTqfeer","CNTqfeer","CNTqfeer","CNTqfeer",0,"UnskLab"
"ExB15","EU","to changes","CNTqfeer","CNTqfeer","CNTqfeer","CNTqfeer",0,"UnskLab"
"ExB15","ROW","to changes","CNTqfeer","CNTqfeer","CNTqfeer","CNTqfeer",0,"UnskLab"
"ExB15","SSA","txs changes","CNTqfeer","CNTqfeer","CNTqfeer","CNTqfeer",0,"UnskLab"
"ExB15","EU","txs changes","CNTqfeer","CNTqfeer","CNTqfeer","CNTqfeer",0,"UnskLab"
"ExB15","ROW","txs changes","CNTqfeer","CNTqfeer","CNTqfeer","CNTqfeer",0,"UnskLab"
"ExB15","SSA","tms changes","CNTqfeer","CNTqfeer","CNTqfeer","CNTqfeer",0,"UnskLab"
"ExB15","EU","tms changes","CNTqfeer","CNTqfeer","CNTqfeer","CNTqfeer",0,"UnskLab"
"ExB15","ROW","tms changes","CNTqfeer","CNTqfeer","CNTqfeer","CNTqfeer",0,"UnskLab"
"ExB15","SSA","TOTAL","CNTqfeer","CNTqfeer","CNTqfeer","CNTqfeer",0,"SkLab"
"ExB15","EU","TOTAL","CNTqfeer","CNTqfeer","CNTqfeer","CNTqfeer",0,"SkLab"
"ExB15","ROW","TOTAL","CNTqfeer","CNTqfeer","CNTqfeer","CNTqfeer",0,"SkLab"
"ExB15","SSA","to changes","CNTqfeer","CNTqfeer","CNTqfeer","CNTqfeer",0,"SkLab"
"ExB15","EU","to changes","CNTqfeer","CNTqfeer","CNTqfeer","CNTqfeer",0,"SkLab"
"ExB15","ROW","to changes","CNTqfeer","CNTqfeer","CNTqfeer","CNTqfeer",0,"SkLab"
"ExB15","SSA","txs changes","CNTqfeer","CNTqfeer","CNTqfeer","CNTqfeer",0,"SkLab"
"ExB15","EU","txs changes","CNTqfeer","CNTqfeer","CNTqfeer","CNTqfeer",0,"SkLab"
"ExB15","ROW","txs changes","CNTqfeer","CNTqfeer","CNTqfeer","CNTqfeer",0,"SkLab"
"ExB15","SSA","tms changes","CNTqfeer","CNTqfeer","CNTqfeer","CNTqfeer",0,"SkLab"
"ExB15","EU","tms changes","CNTqfeer","CNTqfeer","CNTqfeer","CNTqfeer",0,"SkLab"
"ExB15","ROW","tms changes","CNTqfeer","CNTqfeer","CNTqfeer","CNTqfeer",0,"SkLab"
"ExB15","SSA","TOTAL","CNTqfeer","CNTqfeer","CNTqfeer","CNTqfeer",0,"Capital"
"ExB15","EU","TOTAL","CNTqfeer","CNTqfeer","CNTqfeer","CNTqfeer",0,"Capital"
"ExB15","ROW","TOTAL","CNTqfeer","CNTqfeer","CNTqfeer","CNTqfeer",0,"Capital"
"ExB15","SSA","to changes","CNTqfeer","CNTqfeer","CNTqfeer","CNTqfeer",0,"Capital"
"ExB15","EU","to changes","CNTqfeer","CNTqfeer","CNTqfeer","CNTqfeer",0,"Capital"
"ExB15","ROW","to changes","CNTqfeer","CNTqfeer","CNTqfeer","CNTqfeer",0,"Capital"
"ExB15","SSA","txs changes","CNTqfeer","CNTqfeer","CNTqfeer","CNTqfeer",0,"Capital"
"ExB15","EU","txs changes","CNTqfeer","CNTqfeer","CNTqfeer","CNTqfeer",0,"Capital"
"ExB15","ROW","txs changes","CNTqfeer","CNTqfeer","CNTqfeer","CNTqfeer",0,"Capital"
"ExB15","SSA","tms changes","CNTqfeer","CNTqfeer","CNTqfeer","CNTqfeer",0,"Capital"
"ExB15","EU","tms changes","CNTqfeer","CNTqfeer","CNTqfeer","CNTqfeer",0,"Capital"
"ExB15","ROW","tms changes","CNTqfeer","CNTqfeer","CNTqfeer","CNTqfeer",0,"Capital"
"ExB15","SSA","TOTAL","CNTqfeer","CNTqfeer","CNTqfeer","CNTqfeer",0,"NatRes"
"ExB15","EU","TOTAL","CNTqfeer","CNTqfeer","CNTqfeer","CNTqfeer",0,"NatRes"
"ExB15","ROW","TOTAL","CNTqfeer","CNTqfeer","CNTqfeer","CNTqfeer",0,"NatRes"
"ExB15","SSA","to changes","CNTqfeer","CNTqfeer","CNTqfeer","CNTqfeer",0,"NatRes"
"ExB15","EU","to changes","CNTqfeer","CNTqfeer","CNTqfeer","CNTqfeer",0,"NatRes"
"ExB15","ROW","to changes","CNTqfeer","CNTqfeer","CNTqfeer","CNTqfeer",0,"NatRes"
"ExB15","SSA","txs changes","CNTqfeer","CNTqfeer","CNTqfeer","CNTqfeer",0,"NatRes"
"ExB15","EU","txs changes","CNTqfeer","CNTqfeer","CNTqfeer","CNTqfeer",0,"NatRes"
"ExB15","ROW","txs changes","CNTqfeer","CNTqfeer","CNTqfeer","CNTqfeer",0,"NatRes"
"ExB15","SSA","tms changes","CNTqfeer","CNTqfeer","CNTqfeer","CNTqfeer",0,"NatRes"
"ExB15","EU","tms changes","CNTqfeer","CNTqfeer","CNTqfeer","CNTqfeer",0,"NatRes"
"ExB15","ROW","tms changes","CNTqfeer","CNTqfeer","CNTqfeer","CNTqfeer",0,"NatRes"
"ExB15","SSA","TOTAL","CNTqfr","CNTqfr","CNTqfr","CNTqfr",-44.0350151062012,"domestic"
"ExB15","SSA","TOTAL","CNTqfr","CNTqfr","CNTqfr","CNTqfr",12.9725856781006,"imported"
"ExB15","SSA","to changes","CNTqfr","CNTqfr","CNTqfr","CNTqfr",-4.74978637695312,"domestic"
"ExB15","SSA","to changes","CNTqfr","CNTqfr","CNTqfr","CNTqfr",1.82610368728638,"imported"
"ExB15","SSA","txs changes","CNTqfr","CNTqfr","CNTqfr","CNTqfr",-1.11007976531982,"domestic"
"ExB15","SSA","txs changes","CNTqfr","CNTqfr","CNTqfr","CNTqfr",-7.21981382369995,"imported"
"ExB15","SSA","tms changes","CNTqfr","CNTqfr","CNTqfr","CNTqfr",-38.1751518249512,"domestic"
"ExB15","SSA","tms changes","CNTqfr","CNTqfr","CNTqfr","CNTqfr",18.3662929534912,"imported"
"ExB15","EU","TOTAL","CNTqfr","CNTqfr","CNTqfr","CNTqfr",24.3802356719971,"domestic"
"ExB15","EU","TOTAL","CNTqfr","CNTqfr","CNTqfr","CNTqfr",131.001342773438,"imported"
"ExB15","EU","to changes","CNTqfr","CNTqfr","CNTqfr","CNTqfr",4.8510217666626,"domestic"
"ExB15","EU","to changes","CNTqfr","CNTqfr","CNTqfr","CNTqfr",14.3814544677734,"imported"
"ExB15","EU","txs changes","CNTqfr","CNTqfr","CNTqfr","CNTqfr",21.6550388336182,"domestic"
"ExB15","EU","txs changes","CNTqfr","CNTqfr","CNTqfr","CNTqfr",-35.5577392578125,"imported"
"ExB15","EU","tms changes","CNTqfr","CNTqfr","CNTqfr","CNTqfr",-2.12583708763123,"domestic"
"ExB15","EU","tms changes","CNTqfr","CNTqfr","CNTqfr","CNTqfr",152.177612304688,"imported"
"ExB15","ROW","TOTAL","CNTqfr","CNTqfr","CNTqfr","CNTqfr",-153.331481933594,"domestic"
"ExB15","ROW","TOTAL","CNTqfr","CNTqfr","CNTqfr","CNTqfr",-246.750518798828,"imported"
"ExB15","ROW","to changes","CNTqfr","CNTqfr","CNTqfr","CNTqfr",-15.83083152771,"domestic"
"ExB15","ROW","to changes","CNTqfr","CNTqfr","CNTqfr","CNTqfr",-17.3915138244629,"imported"
"ExB15","ROW","txs changes","CNTqfr","CNTqfr","CNTqfr","CNTqfr",9.19922351837158,"domestic"
"ExB15","ROW","txs changes","CNTqfr","CNTqfr","CNTqfr","CNTqfr",-325.744873046875,"imported"
"ExB15","ROW","tms changes","CNTqfr","CNTqfr","CNTqfr","CNTqfr",-146.700012207031,"domestic"
"ExB15","ROW","tms changes","CNTqfr","CNTqfr","CNTqfr","CNTqfr",96.3859100341797,"imported"
"ExB15","SSA","TOTAL","CNTqgr","CNTqgr","CNTqgr","CNTqgr",0.932147443294525,"domestic"
"ExB15","SSA","TOTAL","CNTqgr","CNTqgr","CNTqgr","CNTqgr",1.23589313030243,"imported"
"ExB15","SSA","to changes","CNTqgr","CNTqgr","CNTqgr","CNTqgr",0.104116186499596,"domestic"
"ExB15","SSA","to changes","CNTqgr","CNTqgr","CNTqgr","CNTqgr",0.125028789043427,"imported"
"ExB15","SSA","txs changes","CNTqgr","CNTqgr","CNTqgr","CNTqgr",-0.0496571213006973,"domestic"
"ExB15","SSA","txs changes","CNTqgr","CNTqgr","CNTqgr","CNTqgr",0.182362273335457,"imported"
"ExB15","SSA","tms changes","CNTqgr","CNTqgr","CNTqgr","CNTqgr",0.877687752246857,"domestic"
"ExB15","SSA","tms changes","CNTqgr","CNTqgr","CNTqgr","CNTqgr",0.928521454334259,"imported"
"ExB15","EU","TOTAL","CNTqgr","CNTqgr","CNTqgr","CNTqgr",15.1153116226196,"domestic"
"ExB15","EU","TOTAL","CNTqgr","CNTqgr","CNTqgr","CNTqgr",10.8120412826538,"imported"
"ExB15","EU","to changes","CNTqgr","CNTqgr","CNTqgr","CNTqgr",12.4085884094238,"domestic"
"ExB15","EU","to changes","CNTqgr","CNTqgr","CNTqgr","CNTqgr",-1.63572764396667,"imported"
"ExB15","EU","txs changes","CNTqgr","CNTqgr","CNTqgr","CNTqgr",27.4814891815186,"domestic"
"ExB15","EU","txs changes","CNTqgr","CNTqgr","CNTqgr","CNTqgr",-2.84448337554932,"imported"
"ExB15","EU","tms changes","CNTqgr","CNTqgr","CNTqgr","CNTqgr",-24.7741317749023,"domestic"
"ExB15","EU","tms changes","CNTqgr","CNTqgr","CNTqgr","CNTqgr",15.2877578735352,"imported"
"ExB15","ROW","TOTAL","CNTqgr","CNTqgr","CNTqgr","CNTqgr",2.20939040184021,"domestic"
"ExB15","ROW","TOTAL","CNTqgr","CNTqgr","CNTqgr","CNTqgr",5.35759401321411,"imported"
"ExB15","ROW","to changes","CNTqgr","CNTqgr","CNTqgr","CNTqgr",0.26160129904747,"domestic"
"ExB15","ROW","to changes","CNTqgr","CNTqgr","CNTqgr","CNTqgr",0.533208966255188,"imported"
"ExB15","ROW","txs changes","CNTqgr","CNTqgr","CNTqgr","CNTqgr",-2.10759711265564,"domestic"
"ExB15","ROW","txs changes","CNTqgr","CNTqgr","CNTqgr","CNTqgr",1.00691843032837,"imported"
"ExB15","ROW","tms changes","CNTqgr","CNTqgr","CNTqgr","CNTqgr",4.05538845062256,"domestic"
"ExB15","ROW","tms changes","CNTqgr","CNTqgr","CNTqgr","CNTqgr",3.81746864318848,"imported"
"ExB15","SSA","TOTAL","CNTqia","CNTqia","CNTqia","CNTqia",-7.59115552902222,"domestic"
"ExB15","SSA","TOTAL","CNTqia","CNTqia","CNTqia","CNTqia",5.33009958267212,"imported"
"ExB15","SSA","to changes","CNTqia","CNTqia","CNTqia","CNTqia",-0.699255645275116,"domestic"
"ExB15","SSA","to changes","CNTqia","CNTqia","CNTqia","CNTqia",0.554953336715698,"imported"
"ExB15","SSA","txs changes","CNTqia","CNTqia","CNTqia","CNTqia",-0.81989461183548,"domestic"
"ExB15","SSA","txs changes","CNTqia","CNTqia","CNTqia","CNTqia",0.941434144973755,"imported"
"ExB15","SSA","tms changes","CNTqia","CNTqia","CNTqia","CNTqia",-6.0720067024231,"domestic"
"ExB15","SSA","tms changes","CNTqia","CNTqia","CNTqia","CNTqia",3.83370542526245,"imported"
"ExB15","EU","TOTAL","CNTqia","CNTqia","CNTqia","CNTqia",22.328634262085,"domestic"
"ExB15","EU","TOTAL","CNTqia","CNTqia","CNTqia","CNTqia",-24.9469127655029,"imported"
"ExB15","EU","to changes","CNTqia","CNTqia","CNTqia","CNTqia",3.35338044166565,"domestic"
"ExB15","EU","to changes","CNTqia","CNTqia","CNTqia","CNTqia",-2.14230632781982,"imported"
"ExB15","EU","txs changes","CNTqia","CNTqia","CNTqia","CNTqia",8.2765064239502,"domestic"
"ExB15","EU","txs changes","CNTqia","CNTqia","CNTqia","CNTqia",-8.84996223449707,"imported"
"ExB15","EU","tms changes","CNTqia","CNTqia","CNTqia","CNTqia",10.6987504959106,"domestic"
"ExB15","EU","tms changes","CNTqia","CNTqia","CNTqia","CNTqia",-13.9546480178833,"imported"
"ExB15","ROW","TOTAL","CNTqia","CNTqia","CNTqia","CNTqia",-26.5206890106201,"domestic"
"ExB15","ROW","TOTAL","CNTqia","CNTqia","CNTqia","CNTqia",61.5457763671875,"imported"
"ExB15","ROW","to changes","CNTqia","CNTqia","CNTqia","CNTqia",4.65625333786011,"domestic"
"ExB15","ROW","to changes","CNTqia","CNTqia","CNTqia","CNTqia",7.22356367111206,"imported"
"ExB15","ROW","txs changes","CNTqia","CNTqia","CNTqia","CNTqia",-7.10715246200562,"domestic"
"ExB15","ROW","txs changes","CNTqia","CNTqia","CNTqia","CNTqia",21.0075969696045,"imported"
"ExB15","ROW","tms changes","CNTqia","CNTqia","CNTqia","CNTqia",-24.0697326660156,"domestic"
"ExB15","ROW","tms changes","CNTqia","CNTqia","CNTqia","CNTqia",33.3146324157715,"imported"
"ExB15","SSA","TOTAL","CNTqpr","CNTqpr","CNTqpr","CNTqpr",17.0540504455566,"domestic"
"ExB15","SSA","TOTAL","CNTqpr","CNTqpr","CNTqpr","CNTqpr",-26.1062564849854,"imported"
"ExB15","SSA","to changes","CNTqpr","CNTqpr","CNTqpr","CNTqpr",0.667611718177795,"domestic"
"ExB15","SSA","to changes","CNTqpr","CNTqpr","CNTqpr","CNTqpr",0.888360559940338,"imported"
"ExB15","SSA","txs changes","CNTqpr","CNTqpr","CNTqpr","CNTqpr",22.8072891235352,"domestic"
"ExB15","SSA","txs changes","CNTqpr","CNTqpr","CNTqpr","CNTqpr",-71.4010620117188,"imported"
"ExB15","SSA","tms changes","CNTqpr","CNTqpr","CNTqpr","CNTqpr",-6.42085886001587,"domestic"
"ExB15","SSA","tms changes","CNTqpr","CNTqpr","CNTqpr","CNTqpr",44.4064407348633,"imported"
"ExB15","EU","TOTAL","CNTqpr","CNTqpr","CNTqpr","CNTqpr",-125.655624389648,"domestic"
"ExB15","EU","TOTAL","CNTqpr","CNTqpr","CNTqpr","CNTqpr",257.541870117188,"imported"
"ExB15","EU","to changes","CNTqpr","CNTqpr","CNTqpr","CNTqpr",-73.0160827636719,"domestic"
"ExB15","EU","to changes","CNTqpr","CNTqpr","CNTqpr","CNTqpr",13.0570383071899,"imported"
"ExB15","EU","txs changes","CNTqpr","CNTqpr","CNTqpr","CNTqpr",229.963607788086,"domestic"
"ExB15","EU","txs changes","CNTqpr","CNTqpr","CNTqpr","CNTqpr",-47.746654510498,"imported"
"ExB15","EU","tms changes","CNTqpr","CNTqpr","CNTqpr","CNTqpr",-282.567810058594,"domestic"
"ExB15","EU","tms changes","CNTqpr","CNTqpr","CNTqpr","CNTqpr",292.203063964844,"imported"
"ExB15","ROW","TOTAL","CNTqpr","CNTqpr","CNTqpr","CNTqpr",-31.8382873535156,"domestic"
"ExB15","ROW","TOTAL","CNTqpr","CNTqpr","CNTqpr","CNTqpr",-408.749237060547,"imported"
"ExB15","ROW","to changes","CNTqpr","CNTqpr","CNTqpr","CNTqpr",-1.3532452583313,"domestic"
"ExB15","ROW","to changes","CNTqpr","CNTqpr","CNTqpr","CNTqpr",-29.6321754455566,"imported"
"ExB15","ROW","txs changes","CNTqpr","CNTqpr","CNTqpr","CNTqpr",-36.7320442199707,"domestic"
"ExB15","ROW","txs changes","CNTqpr","CNTqpr","CNTqpr","CNTqpr",-504.714935302734,"imported"
"ExB15","ROW","tms changes","CNTqpr","CNTqpr","CNTqpr","CNTqpr",6.24690055847168,"domestic"
"ExB15","ROW","tms changes","CNTqpr","CNTqpr","CNTqpr","CNTqpr",125.597953796387,"imported"
"ExB15","SSA","TOTAL","CNTtechr","CNTtechr","CNTtechr","CNTtechr",0,"output"
"ExB15","EU","TOTAL","CNTtechr","CNTtechr","CNTtechr","CNTtechr",0,"output"
"ExB15","ROW","TOTAL","CNTtechr","CNTtechr","CNTtechr","CNTtechr",0,"output"
"ExB15","SSA","to changes","CNTtechr","CNTtechr","CNTtechr","CNTtechr",0,"output"
"ExB15","EU","to changes","CNTtechr","CNTtechr","CNTtechr","CNTtechr",0,"output"
"ExB15","ROW","to changes","CNTtechr","CNTtechr","CNTtechr","CNTtechr",0,"output"
"ExB15","SSA","txs changes","CNTtechr","CNTtechr","CNTtechr","CNTtechr",0,"output"
"ExB15","EU","txs changes","CNTtechr","CNTtechr","CNTtechr","CNTtechr",0,"output"
"ExB15","ROW","txs changes","CNTtechr","CNTtechr","CNTtechr","CNTtechr",0,"output"
"ExB15","SSA","tms changes","CNTtechr","CNTtechr","CNTtechr","CNTtechr",0,"output"
"ExB15","EU","tms changes","CNTtechr","CNTtechr","CNTtechr","CNTtechr",0,"output"
"ExB15","ROW","tms changes","CNTtechr","CNTtechr","CNTtechr","CNTtechr",0,"output"
"ExB15","SSA","TOTAL","CNTtechr","CNTtechr","CNTtechr","CNTtechr",0,"primfac"
"ExB15","EU","TOTAL","CNTtechr","CNTtechr","CNTtechr","CNTtechr",0,"primfac"
"ExB15","ROW","TOTAL","CNTtechr","CNTtechr","CNTtechr","CNTtechr",0,"primfac"
"ExB15","SSA","to changes","CNTtechr","CNTtechr","CNTtechr","CNTtechr",0,"primfac"
"ExB15","EU","to changes","CNTtechr","CNTtechr","CNTtechr","CNTtechr",0,"primfac"
"ExB15","ROW","to changes","CNTtechr","CNTtechr","CNTtechr","CNTtechr",0,"primfac"
"ExB15","SSA","txs changes","CNTtechr","CNTtechr","CNTtechr","CNTtechr",0,"primfac"
"ExB15","EU","txs changes","CNTtechr","CNTtechr","CNTtechr","CNTtechr",0,"primfac"
"ExB15","ROW","txs changes","CNTtechr","CNTtechr","CNTtechr","CNTtechr",0,"primfac"
"ExB15","SSA","tms changes","CNTtechr","CNTtechr","CNTtechr","CNTtechr",0,"primfac"
"ExB15","EU","tms changes","CNTtechr","CNTtechr","CNTtechr","CNTtechr",0,"primfac"
"ExB15","ROW","tms changes","CNTtechr","CNTtechr","CNTtechr","CNTtechr",0,"primfac"
"ExB15","SSA","TOTAL","CNTtechr","CNTtechr","CNTtechr","CNTtechr",0,"v_added"
"ExB15","EU","TOTAL","CNTtechr","CNTtechr","CNTtechr","CNTtechr",0,"v_added"
"ExB15","ROW","TOTAL","CNTtechr","CNTtechr","CNTtechr","CNTtechr",0,"v_added"
"ExB15","SSA","to changes","CNTtechr","CNTtechr","CNTtechr","CNTtechr",0,"v_added"
"ExB15","EU","to changes","CNTtechr","CNTtechr","CNTtechr","CNTtechr",0,"v_added"
"ExB15","ROW","to changes","CNTtechr","CNTtechr","CNTtechr","CNTtechr",0,"v_added"
"ExB15","SSA","txs changes","CNTtechr","CNTtechr","CNTtechr","CNTtechr",0,"v_added"
"ExB15","EU","txs changes","CNTtechr","CNTtechr","CNTtechr","CNTtechr",0,"v_added"
"ExB15","ROW","txs changes","CNTtechr","CNTtechr","CNTtechr","CNTtechr",0,"v_added"
"ExB15","SSA","tms changes","CNTtechr","CNTtechr","CNTtechr","CNTtechr",0,"v_added"
"ExB15","EU","tms changes","CNTtechr","CNTtechr","CNTtechr","CNTtechr",0,"v_added"
"ExB15","ROW","tms changes","CNTtechr","CNTtechr","CNTtechr","CNTtechr",0,"v_added"
"ExB15","SSA","TOTAL","CNTtechr","CNTtechr","CNTtechr","CNTtechr",0,"ininput"
"ExB15","EU","TOTAL","CNTtechr","CNTtechr","CNTtechr","CNTtechr",0,"ininput"
"ExB15","ROW","TOTAL","CNTtechr","CNTtechr","CNTtechr","CNTtechr",0,"ininput"
"ExB15","SSA","to changes","CNTtechr","CNTtechr","CNTtechr","CNTtechr",0,"ininput"
"ExB15","EU","to changes","CNTtechr","CNTtechr","CNTtechr","CNTtechr",0,"ininput"
"ExB15","ROW","to changes","CNTtechr","CNTtechr","CNTtechr","CNTtechr",0,"ininput"
"ExB15","SSA","txs changes","CNTtechr","CNTtechr","CNTtechr","CNTtechr",0,"ininput"
"ExB15","EU","txs changes","CNTtechr","CNTtechr","CNTtechr","CNTtechr",0,"ininput"
"ExB15","ROW","txs changes","CNTtechr","CNTtechr","CNTtechr","CNTtechr",0,"ininput"
"ExB15","SSA","tms changes","CNTtechr","CNTtechr","CNTtechr","CNTtechr",0,"ininput"
"ExB15","EU","tms changes","CNTtechr","CNTtechr","CNTtechr","CNTtechr",0,"ininput"
"ExB15","ROW","tms changes","CNTtechr","CNTtechr","CNTtechr","CNTtechr",0,"ininput"
"ExB15","SSA","TOTAL","CNTtechr","CNTtechr","CNTtechr","CNTtechr",0,"invest"
"ExB15","EU","TOTAL","CNTtechr","CNTtechr","CNTtechr","CNTtechr",0,"invest"
"ExB15","ROW","TOTAL","CNTtechr","CNTtechr","CNTtechr","CNTtechr",0,"invest"
"ExB15","SSA","to changes","CNTtechr","CNTtechr","CNTtechr","CNTtechr",0,"invest"
"ExB15","EU","to changes","CNTtechr","CNTtechr","CNTtechr","CNTtechr",0,"invest"
"ExB15","ROW","to changes","CNTtechr","CNTtechr","CNTtechr","CNTtechr",0,"invest"
"ExB15","SSA","txs changes","CNTtechr","CNTtechr","CNTtechr","CNTtechr",0,"invest"
"ExB15","EU","txs changes","CNTtechr","CNTtechr","CNTtechr","CNTtechr",0,"invest"
"ExB15","ROW","txs changes","CNTtechr","CNTtechr","CNTtechr","CNTtechr",0,"invest"
"ExB15","SSA","tms changes","CNTtechr","CNTtechr","CNTtechr","CNTtechr",0,"invest"
"ExB15","EU","tms changes","CNTtechr","CNTtechr","CNTtechr","CNTtechr",0,"invest"
"ExB15","ROW","tms changes","CNTtechr","CNTtechr","CNTtechr","CNTtechr",0,"invest"
"ExB15","SSA","TOTAL","CNTtechr","CNTtechr","CNTtechr","CNTtechr",0,"transp"
"ExB15","EU","TOTAL","CNTtechr","CNTtechr","CNTtechr","CNTtechr",0,"transp"
"ExB15","ROW","TOTAL","CNTtechr","CNTtechr","CNTtechr","CNTtechr",0,"transp"
"ExB15","SSA","to changes","CNTtechr","CNTtechr","CNTtechr","CNTtechr",0,"transp"
"ExB15","EU","to changes","CNTtechr","CNTtechr","CNTtechr","CNTtechr",0,"transp"
"ExB15","ROW","to changes","CNTtechr","CNTtechr","CNTtechr","CNTtechr",0,"transp"
"ExB15","SSA","txs changes","CNTtechr","CNTtechr","CNTtechr","CNTtechr",0,"transp"
"ExB15","EU","txs changes","CNTtechr","CNTtechr","CNTtechr","CNTtechr",0,"transp"
"ExB15","ROW","txs changes","CNTtechr","CNTtechr","CNTtechr","CNTtechr",0,"transp"
"ExB15","SSA","tms changes","CNTtechr","CNTtechr","CNTtechr","CNTtechr",0,"transp"
"ExB15","EU","tms changes","CNTtechr","CNTtechr","CNTtechr","CNTtechr",0,"transp"
"ExB15","ROW","tms changes","CNTtechr","CNTtechr","CNTtechr","CNTtechr",0,"transp"
"ExB15","SSA","TOTAL","CNTtechr","CNTtechr","CNTtechr","CNTtechr",0,"import"
"ExB15","EU","TOTAL","CNTtechr","CNTtechr","CNTtechr","CNTtechr",0,"import"
"ExB15","ROW","TOTAL","CNTtechr","CNTtechr","CNTtechr","CNTtechr",0,"import"
"ExB15","SSA","to changes","CNTtechr","CNTtechr","CNTtechr","CNTtechr",0,"import"
"ExB15","EU","to changes","CNTtechr","CNTtechr","CNTtechr","CNTtechr",0,"import"
"ExB15","ROW","to changes","CNTtechr","CNTtechr","CNTtechr","CNTtechr",0,"import"
"ExB15","SSA","txs changes","CNTtechr","CNTtechr","CNTtechr","CNTtechr",0,"import"
"ExB15","EU","txs changes","CNTtechr","CNTtechr","CNTtechr","CNTtechr",0,"import"
"ExB15","ROW","txs changes","CNTtechr","CNTtechr","CNTtechr","CNTtechr",0,"import"
"ExB15","SSA","tms changes","CNTtechr","CNTtechr","CNTtechr","CNTtechr",0,"import"
"ExB15","EU","tms changes","CNTtechr","CNTtechr","CNTtechr","CNTtechr",0,"import"
"ExB15","ROW","tms changes","CNTtechr","CNTtechr","CNTtechr","CNTtechr",0,"import"
"ExB15","SSA","TOTAL","contgdpexp","contgdpexp","contgdpexp","contgdpexp",0.0884357392787933,"Household"
"ExB15","SSA","TOTAL","contgdpexp","contgdpexp","contgdpexp","contgdpexp",0.00198450684547424,"Investment"
"ExB15","SSA","TOTAL","contgdpexp","contgdpexp","contgdpexp","contgdpexp",0.0561781488358974,"Government"
"ExB15","SSA","TOTAL","contgdpexp","contgdpexp","contgdpexp","contgdpexp",0.0230091940611601,"Exports"
"ExB15","SSA","TOTAL","contgdpexp","contgdpexp","contgdpexp","contgdpexp",-0.007756392005831,"IntnlMargins"
"ExB15","SSA","TOTAL","contgdpexp","contgdpexp","contgdpexp","contgdpexp",-0.171782821416855,"Imports"
"ExB15","SSA","to changes","contgdpexp","contgdpexp","contgdpexp","contgdpexp",0.0168386846780777,"Household"
"ExB15","SSA","to changes","contgdpexp","contgdpexp","contgdpexp","contgdpexp",0.0011086257873103,"Investment"
"ExB15","SSA","to changes","contgdpexp","contgdpexp","contgdpexp","contgdpexp",0.00624567875638604,"Government"
"ExB15","SSA","to changes","contgdpexp","contgdpexp","contgdpexp","contgdpexp",0.0130735281854868,"Exports"
"ExB15","SSA","to changes","contgdpexp","contgdpexp","contgdpexp","contgdpexp",-0.000906534376554191,"IntnlMargins"
"ExB15","SSA","to changes","contgdpexp","contgdpexp","contgdpexp","contgdpexp",-0.0364512205123901,"Imports"
"ExB15","SSA","txs changes","contgdpexp","contgdpexp","contgdpexp","contgdpexp",-0.13623933494091,"Household"
"ExB15","SSA","txs changes","contgdpexp","contgdpexp","contgdpexp","contgdpexp",0.000800031470134854,"Investment"
"ExB15","SSA","txs changes","contgdpexp","contgdpexp","contgdpexp","contgdpexp",-0.00236925994977355,"Government"
"ExB15","SSA","txs changes","contgdpexp","contgdpexp","contgdpexp","contgdpexp",-0.201545104384422,"Exports"
"ExB15","SSA","txs changes","contgdpexp","contgdpexp","contgdpexp","contgdpexp",-0.00877281650900841,"IntnlMargins"
"ExB15","SSA","txs changes","contgdpexp","contgdpexp","contgdpexp","contgdpexp",0.328378051519394,"Imports"
"ExB15","SSA","tms changes","contgdpexp","contgdpexp","contgdpexp","contgdpexp",0.207836329936981,"Household"
"ExB15","SSA","tms changes","contgdpexp","contgdpexp","contgdpexp","contgdpexp",7.64152719057165e-05,"Investment"
"ExB15","SSA","tms changes","contgdpexp","contgdpexp","contgdpexp","contgdpexp",0.0523017197847366,"Government"
"ExB15","SSA","tms changes","contgdpexp","contgdpexp","contgdpexp","contgdpexp",0.211480930447578,"Exports"
"ExB15","SSA","tms changes","contgdpexp","contgdpexp","contgdpexp","contgdpexp",0.00192303129006177,"IntnlMargins"
"ExB15","SSA","tms changes","contgdpexp","contgdpexp","contgdpexp","contgdpexp",-0.463709622621536,"Imports"
"ExB15","EU","TOTAL","contgdpexp","contgdpexp","contgdpexp","contgdpexp",0.0517290644347668,"Household"
"ExB15","EU","TOTAL","contgdpexp","contgdpexp","contgdpexp","contgdpexp",0.00306362868286669,"Investment"
"ExB15","EU","TOTAL","contgdpexp","contgdpexp","contgdpexp","contgdpexp",0.0242394600063562,"Government"
"ExB15","EU","TOTAL","contgdpexp","contgdpexp","contgdpexp","contgdpexp",0.0327381305396557,"Exports"
"ExB15","EU","TOTAL","contgdpexp","contgdpexp","contgdpexp","contgdpexp",0.0252871159464121,"IntnlMargins"
"ExB15","EU","TOTAL","contgdpexp","contgdpexp","contgdpexp","contgdpexp",-0.0378410406410694,"Imports"
"ExB15","EU","to changes","contgdpexp","contgdpexp","contgdpexp","contgdpexp",-0.0189310517162085,"Household"
"ExB15","EU","to changes","contgdpexp","contgdpexp","contgdpexp","contgdpexp",0.00171258894260973,"Investment"
"ExB15","EU","to changes","contgdpexp","contgdpexp","contgdpexp","contgdpexp",0.0172854419797659,"Government"
"ExB15","EU","to changes","contgdpexp","contgdpexp","contgdpexp","contgdpexp",0.00398146361112595,"Exports"
"ExB15","EU","to changes","contgdpexp","contgdpexp","contgdpexp","contgdpexp",0.00229876930825412,"IntnlMargins"
"ExB15","EU","to changes","contgdpexp","contgdpexp","contgdpexp","contgdpexp",0.00303844851441681,"Imports"
"ExB15","EU","txs changes","contgdpexp","contgdpexp","contgdpexp","contgdpexp",0.0734834000468254,"Household"
"ExB15","EU","txs changes","contgdpexp","contgdpexp","contgdpexp","contgdpexp",0.00123467214871198,"Investment"
"ExB15","EU","txs changes","contgdpexp","contgdpexp","contgdpexp","contgdpexp",0.0254652816802263,"Government"
"ExB15","EU","txs changes","contgdpexp","contgdpexp","contgdpexp","contgdpexp",-0.132120534777641,"Exports"
"ExB15","EU","txs changes","contgdpexp","contgdpexp","contgdpexp","contgdpexp",-0.00195003079716116,"IntnlMargins"
"ExB15","EU","txs changes","contgdpexp","contgdpexp","contgdpexp","contgdpexp",0.0831162109971046,"Imports"
"ExB15","EU","tms changes","contgdpexp","contgdpexp","contgdpexp","contgdpexp",-0.0028233069460839,"Household"
"ExB15","EU","tms changes","contgdpexp","contgdpexp","contgdpexp","contgdpexp",0.000117390169179998,"Investment"
"ExB15","EU","tms changes","contgdpexp","contgdpexp","contgdpexp","contgdpexp",-0.0185112785547972,"Government"
"ExB15","EU","tms changes","contgdpexp","contgdpexp","contgdpexp","contgdpexp",0.160877257585526,"Exports"
"ExB15","EU","tms changes","contgdpexp","contgdpexp","contgdpexp","contgdpexp",0.024938378483057,"IntnlMargins"
"ExB15","EU","tms changes","contgdpexp","contgdpexp","contgdpexp","contgdpexp",-0.123995684087276,"Imports"
"ExB15","ROW","TOTAL","contgdpexp","contgdpexp","contgdpexp","contgdpexp",-0.0261320024728775,"Household"
"ExB15","ROW","TOTAL","contgdpexp","contgdpexp","contgdpexp","contgdpexp",0.00501498160883784,"Investment"
"ExB15","ROW","TOTAL","contgdpexp","contgdpexp","contgdpexp","contgdpexp",0.0056683961302042,"Government"
"ExB15","ROW","TOTAL","contgdpexp","contgdpexp","contgdpexp","contgdpexp",-0.00984097644686699,"Exports"
"ExB15","ROW","TOTAL","contgdpexp","contgdpexp","contgdpexp","contgdpexp",0.00448924163356423,"IntnlMargins"
"ExB15","ROW","TOTAL","contgdpexp","contgdpexp","contgdpexp","contgdpexp",-0.000431748980190605,"Imports"
"ExB15","ROW","to changes","contgdpexp","contgdpexp","contgdpexp","contgdpexp",-0.00151499966159463,"Household"
"ExB15","ROW","to changes","contgdpexp","contgdpexp","contgdpexp","contgdpexp",0.00280296429991722,"Investment"
"ExB15","ROW","to changes","contgdpexp","contgdpexp","contgdpexp","contgdpexp",0.000589360599406064,"Government"
"ExB15","ROW","to changes","contgdpexp","contgdpexp","contgdpexp","contgdpexp",-0.00213456642813981,"Exports"
"ExB15","ROW","to changes","contgdpexp","contgdpexp","contgdpexp","contgdpexp",0.000386303319828585,"IntnlMargins"
"ExB15","ROW","to changes","contgdpexp","contgdpexp","contgdpexp","contgdpexp",-0.00170454441104084,"Imports"
"ExB15","ROW","txs changes","contgdpexp","contgdpexp","contgdpexp","contgdpexp",-0.0404653698205948,"Household"
"ExB15","ROW","txs changes","contgdpexp","contgdpexp","contgdpexp","contgdpexp",0.00202123960480094,"Investment"
"ExB15","ROW","txs changes","contgdpexp","contgdpexp","contgdpexp","contgdpexp",-0.000811267760582268,"Government"
"ExB15","ROW","txs changes","contgdpexp","contgdpexp","contgdpexp","contgdpexp",-0.0292132161557674,"Exports"
"ExB15","ROW","txs changes","contgdpexp","contgdpexp","contgdpexp","contgdpexp",-0.00493068480864167,"IntnlMargins"
"ExB15","ROW","txs changes","contgdpexp","contgdpexp","contgdpexp","contgdpexp",0.0532832220196724,"Imports"
"ExB15","ROW","tms changes","contgdpexp","contgdpexp","contgdpexp","contgdpexp",0.0158483777195215,"Household"
"ExB15","ROW","tms changes","contgdpexp","contgdpexp","contgdpexp","contgdpexp",0.000192400446394458,"Investment"
"ExB15","ROW","tms changes","contgdpexp","contgdpexp","contgdpexp","contgdpexp",0.00589030282571912,"Government"
"ExB15","ROW","tms changes","contgdpexp","contgdpexp","contgdpexp","contgdpexp",0.0215067695826292,"Exports"
"ExB15","ROW","tms changes","contgdpexp","contgdpexp","contgdpexp","contgdpexp",0.009033621288836,"IntnlMargins"
"ExB15","ROW","tms changes","contgdpexp","contgdpexp","contgdpexp","contgdpexp",-0.0520104318857193,"Imports"
"ExB15","SSA","TOTAL","endwslack","endwslack","endwslack","endwslack",0,"Land"
"ExB15","EU","TOTAL","endwslack","endwslack","endwslack","endwslack",0,"Land"
"ExB15","ROW","TOTAL","endwslack","endwslack","endwslack","endwslack",0,"Land"
"ExB15","SSA","to changes","endwslack","endwslack","endwslack","endwslack",0,"Land"
"ExB15","EU","to changes","endwslack","endwslack","endwslack","endwslack",0,"Land"
"ExB15","ROW","to changes","endwslack","endwslack","endwslack","endwslack",0,"Land"
"ExB15","SSA","txs changes","endwslack","endwslack","endwslack","endwslack",0,"Land"
"ExB15","EU","txs changes","endwslack","endwslack","endwslack","endwslack",0,"Land"
"ExB15","ROW","txs changes","endwslack","endwslack","endwslack","endwslack",0,"Land"
"ExB15","SSA","tms changes","endwslack","endwslack","endwslack","endwslack",0,"Land"
"ExB15","EU","tms changes","endwslack","endwslack","endwslack","endwslack",0,"Land"
"ExB15","ROW","tms changes","endwslack","endwslack","endwslack","endwslack",0,"Land"
"ExB15","SSA","TOTAL","endwslack","endwslack","endwslack","endwslack",0,"UnskLab"
"ExB15","EU","TOTAL","endwslack","endwslack","endwslack","endwslack",0,"UnskLab"
"ExB15","ROW","TOTAL","endwslack","endwslack","endwslack","endwslack",0,"UnskLab"
"ExB15","SSA","to changes","endwslack","endwslack","endwslack","endwslack",0,"UnskLab"
"ExB15","EU","to changes","endwslack","endwslack","endwslack","endwslack",0,"UnskLab"
"ExB15","ROW","to changes","endwslack","endwslack","endwslack","endwslack",0,"UnskLab"
"ExB15","SSA","txs changes","endwslack","endwslack","endwslack","endwslack",0,"UnskLab"
"ExB15","EU","txs changes","endwslack","endwslack","endwslack","endwslack",0,"UnskLab"
"ExB15","ROW","txs changes","endwslack","endwslack","endwslack","endwslack",0,"UnskLab"
"ExB15","SSA","tms changes","endwslack","endwslack","endwslack","endwslack",0,"UnskLab"
"ExB15","EU","tms changes","endwslack","endwslack","endwslack","endwslack",0,"UnskLab"
"ExB15","ROW","tms changes","endwslack","endwslack","endwslack","endwslack",0,"UnskLab"
"ExB15","SSA","TOTAL","endwslack","endwslack","endwslack","endwslack",0,"SkLab"
"ExB15","EU","TOTAL","endwslack","endwslack","endwslack","endwslack",0,"SkLab"
"ExB15","ROW","TOTAL","endwslack","endwslack","endwslack","endwslack",0,"SkLab"
"ExB15","SSA","to changes","endwslack","endwslack","endwslack","endwslack",0,"SkLab"
"ExB15","EU","to changes","endwslack","endwslack","endwslack","endwslack",0,"SkLab"
"ExB15","ROW","to changes","endwslack","endwslack","endwslack","endwslack",0,"SkLab"
"ExB15","SSA","txs changes","endwslack","endwslack","endwslack","endwslack",0,"SkLab"
"ExB15","EU","txs changes","endwslack","endwslack","endwslack","endwslack",0,"SkLab"
"ExB15","ROW","txs changes","endwslack","endwslack","endwslack","endwslack",0,"SkLab"
"ExB15","SSA","tms changes","endwslack","endwslack","endwslack","endwslack",0,"SkLab"
"ExB15","EU","tms changes","endwslack","endwslack","endwslack","endwslack",0,"SkLab"
"ExB15","ROW","tms changes","endwslack","endwslack","endwslack","endwslack",0,"SkLab"
"ExB15","SSA","TOTAL","endwslack","endwslack","endwslack","endwslack",0,"Capital"
"ExB15","EU","TOTAL","endwslack","endwslack","endwslack","endwslack",0,"Capital"
"ExB15","ROW","TOTAL","endwslack","endwslack","endwslack","endwslack",0,"Capital"
"ExB15","SSA","to changes","endwslack","endwslack","endwslack","endwslack",0,"Capital"
"ExB15","EU","to changes","endwslack","endwslack","endwslack","endwslack",0,"Capital"
"ExB15","ROW","to changes","endwslack","endwslack","endwslack","endwslack",0,"Capital"
"ExB15","SSA","txs changes","endwslack","endwslack","endwslack","endwslack",0,"Capital"
"ExB15","EU","txs changes","endwslack","endwslack","endwslack","endwslack",0,"Capital"
"ExB15","ROW","txs changes","endwslack","endwslack","endwslack","endwslack",0,"Capital"
"ExB15","SSA","tms changes","endwslack","endwslack","endwslack","endwslack",0,"Capital"
"ExB15","EU","tms changes","endwslack","endwslack","endwslack","endwslack",0,"Capital"
"ExB15","ROW","tms changes","endwslack","endwslack","endwslack","endwslack",0,"Capital"
"ExB15","SSA","TOTAL","endwslack","endwslack","endwslack","endwslack",0,"NatRes"
"ExB15","EU","TOTAL","endwslack","endwslack","endwslack","endwslack",0,"NatRes"
"ExB15","ROW","TOTAL","endwslack","endwslack","endwslack","endwslack",0,"NatRes"
"ExB15","SSA","to changes","endwslack","endwslack","endwslack","endwslack",0,"NatRes"
"ExB15","EU","to changes","endwslack","endwslack","endwslack","endwslack",0,"NatRes"
"ExB15","ROW","to changes","endwslack","endwslack","endwslack","endwslack",0,"NatRes"
"ExB15","SSA","txs changes","endwslack","endwslack","endwslack","endwslack",0,"NatRes"
"ExB15","EU","txs changes","endwslack","endwslack","endwslack","endwslack",0,"NatRes"
"ExB15","ROW","txs changes","endwslack","endwslack","endwslack","endwslack",0,"NatRes"
"ExB15","SSA","tms changes","endwslack","endwslack","endwslack","endwslack",0,"NatRes"
"ExB15","EU","tms changes","endwslack","endwslack","endwslack","endwslack",0,"NatRes"
"ExB15","ROW","tms changes","endwslack","endwslack","endwslack","endwslack",0,"NatRes"
"ExB15","SSA","TOTAL","expand","expand","expand","expand",0.0116685032844543,"capital"
"ExB15","EU","TOTAL","expand","expand","expand","expand",0.0160424690693617,"capital"
"ExB15","ROW","TOTAL","expand","expand","expand","expand",0.0222908966243267,"capital"
"ExB15","SSA","to changes","expand","expand","expand","expand",0.00652232486754656,"capital"
"ExB15","EU","to changes","expand","expand","expand","expand",0.00896723382174969,"capital"
"ExB15","ROW","to changes","expand","expand","expand","expand",0.012459909543395,"capital"
"ExB15","SSA","txs changes","expand","expand","expand","expand",0.00470265466719866,"capital"
"ExB15","EU","txs changes","expand","expand","expand","expand",0.00646545505151153,"capital"
"ExB15","ROW","txs changes","expand","expand","expand","expand",0.00898370519280434,"capital"
"ExB15","SSA","tms changes","expand","expand","expand","expand",0.000447352416813374,"capital"
"ExB15","EU","tms changes","expand","expand","expand","expand",0.000615043507423252,"capital"
"ExB15","ROW","tms changes","expand","expand","expand","expand",0.000854598707519472,"capital"
"ExB15","SSA","TOTAL","pe","pe","pe","pe",2.352858543396,"UnskLab"
"ExB15","EU","TOTAL","pe","pe","pe","pe",-0.99213969707489,"UnskLab"
"ExB15","ROW","TOTAL","pe","pe","pe","pe",0.357663214206696,"UnskLab"
"ExB15","SSA","to changes","pe","pe","pe","pe",0.245996028184891,"UnskLab"
"ExB15","EU","to changes","pe","pe","pe","pe",-0.126031160354614,"UnskLab"
"ExB15","ROW","to changes","pe","pe","pe","pe",0.0444823242723942,"UnskLab"
"ExB15","SSA","txs changes","pe","pe","pe","pe",0.397974193096161,"UnskLab"
"ExB15","EU","txs changes","pe","pe","pe","pe",-0.351897597312927,"UnskLab"
"ExB15","ROW","txs changes","pe","pe","pe","pe",0.127974182367325,"UnskLab"
"ExB15","SSA","tms changes","pe","pe","pe","pe",1.70893955230713,"UnskLab"
"ExB15","EU","tms changes","pe","pe","pe","pe",-0.514211058616638,"UnskLab"
"ExB15","ROW","tms changes","pe","pe","pe","pe",0.185206711292267,"UnskLab"
"ExB15","SSA","TOTAL","pe","pe","pe","pe",1.11540806293488,"SkLab"
"ExB15","EU","TOTAL","pe","pe","pe","pe",-0.665093064308167,"SkLab"
"ExB15","ROW","TOTAL","pe","pe","pe","pe",0.221005648374557,"SkLab"
"ExB15","SSA","to changes","pe","pe","pe","pe",0.128931075334549,"SkLab"
"ExB15","EU","to changes","pe","pe","pe","pe",-0.0741713643074036,"SkLab"
"ExB15","ROW","to changes","pe","pe","pe","pe",0.0330900214612484,"SkLab"
"ExB15","SSA","txs changes","pe","pe","pe","pe",0.0690384581685066,"SkLab"
"ExB15","EU","txs changes","pe","pe","pe","pe",-0.214194715023041,"SkLab"
"ExB15","ROW","txs changes","pe","pe","pe","pe",0.0642827302217484,"SkLab"
"ExB15","SSA","tms changes","pe","pe","pe","pe",0.917438387870789,"SkLab"
"ExB15","EU","tms changes","pe","pe","pe","pe",-0.376726418733597,"SkLab"
"ExB15","ROW","tms changes","pe","pe","pe","pe",0.123633004724979,"SkLab"
"ExB15","SSA","TOTAL","pe","pe","pe","pe",1.10852444171906,"Capital"
"ExB15","EU","TOTAL","pe","pe","pe","pe",-0.918998122215271,"Capital"
"ExB15","ROW","TOTAL","pe","pe","pe","pe",0.307435154914856,"Capital"
"ExB15","SSA","to changes","pe","pe","pe","pe",0.126001805067062,"Capital"
"ExB15","EU","to changes","pe","pe","pe","pe",-0.108175300061703,"Capital"
"ExB15","ROW","to changes","pe","pe","pe","pe",0.0401171557605267,"Capital"
"ExB15","SSA","txs changes","pe","pe","pe","pe",0.107185050845146,"Capital"
"ExB15","EU","txs changes","pe","pe","pe","pe",-0.313553780317307,"Capital"
"ExB15","ROW","txs changes","pe","pe","pe","pe",0.1065454185009,"Capital"
"ExB15","SSA","tms changes","pe","pe","pe","pe",0.875337421894073,"Capital"
"ExB15","EU","tms changes","pe","pe","pe","pe",-0.497269183397293,"Capital"
"ExB15","ROW","tms changes","pe","pe","pe","pe",0.1607725918293,"Capital"
"ExB15","SSA","TOTAL","pe","pe","pe","pe",11.1537208557129,"Land"
"ExB15","EU","TOTAL","pe","pe","pe","pe",-15.6434164047241,"Land"
"ExB15","ROW","TOTAL","pe","pe","pe","pe",5.06690311431885,"Land"
"ExB15","SSA","to changes","pe","pe","pe","pe",1.08966040611267,"Land"
"ExB15","EU","to changes","pe","pe","pe","pe",-2.23790669441223,"Land"
"ExB15","ROW","to changes","pe","pe","pe","pe",0.445854365825653,"Land"
"ExB15","SSA","txs changes","pe","pe","pe","pe",2.54030060768127,"Land"
"ExB15","EU","txs changes","pe","pe","pe","pe",-6.28544282913208,"Land"
"ExB15","ROW","txs changes","pe","pe","pe","pe",2.22340154647827,"Land"
"ExB15","SSA","tms changes","pe","pe","pe","pe",7.52375888824463,"Land"
"ExB15","EU","tms changes","pe","pe","pe","pe",-7.12006616592407,"Land"
"ExB15","ROW","tms changes","pe","pe","pe","pe",2.39764642715454,"Land"
"ExB15","SSA","TOTAL","pebfactreal","pebfactreal","pebfactreal","pebfactreal",0.717551290988922,"UnskLab"
"ExB15","EU","TOTAL","pebfactreal","pebfactreal","pebfactreal","pebfactreal",-0.191310822963715,"UnskLab"
"ExB15","ROW","TOTAL","pebfactreal","pebfactreal","pebfactreal","pebfactreal",-0.0589367672801018,"UnskLab"
"ExB15","SSA","to changes","pebfactreal","pebfactreal","pebfactreal","pebfactreal",0.0815175175666809,"UnskLab"
"ExB15","EU","to changes","pebfactreal","pebfactreal","pebfactreal","pebfactreal",-0.254698932170868,"UnskLab"
"ExB15","ROW","to changes","pebfactreal","pebfactreal","pebfactreal","pebfactreal",-0.00402161851525307,"UnskLab"
"ExB15","SSA","txs changes","pebfactreal","pebfactreal","pebfactreal","pebfactreal",-0.0652130097150803,"UnskLab"
"ExB15","EU","txs changes","pebfactreal","pebfactreal","pebfactreal","pebfactreal",-0.0769019424915314,"UnskLab"
"ExB15","ROW","txs changes","pebfactreal","pebfactreal","pebfactreal","pebfactreal",-0.0696418583393097,"UnskLab"
"ExB15","SSA","tms changes","pebfactreal","pebfactreal","pebfactreal","pebfactreal",0.701246678829193,"UnskLab"
"ExB15","EU","tms changes","pebfactreal","pebfactreal","pebfactreal","pebfactreal",0.140290156006813,"UnskLab"
"ExB15","ROW","tms changes","pebfactreal","pebfactreal","pebfactreal","pebfactreal",0.0147267067804933,"UnskLab"
"ExB15","SSA","TOTAL","pebfactreal","pebfactreal","pebfactreal","pebfactreal",-0.500128448009491,"SkLab"
"ExB15","EU","TOTAL","pebfactreal","pebfactreal","pebfactreal","pebfactreal",0.138381287455559,"SkLab"
"ExB15","ROW","TOTAL","pebfactreal","pebfactreal","pebfactreal","pebfactreal",-0.195026963949203,"SkLab"
"ExB15","SSA","to changes","pebfactreal","pebfactreal","pebfactreal","pebfactreal",-0.0335979089140892,"SkLab"
"ExB15","EU","to changes","pebfactreal","pebfactreal","pebfactreal","pebfactreal",-0.202858358621597,"SkLab"
"ExB15","ROW","to changes","pebfactreal","pebfactreal","pebfactreal","pebfactreal",-0.0153569523245096,"SkLab"
"ExB15","SSA","txs changes","pebfactreal","pebfactreal","pebfactreal","pebfactreal",-0.389342993497849,"SkLab"
"ExB15","EU","txs changes","pebfactreal","pebfactreal","pebfactreal","pebfactreal",0.0616869851946831,"SkLab"
"ExB15","ROW","txs changes","pebfactreal","pebfactreal","pebfactreal","pebfactreal",-0.133090823888779,"SkLab"
"ExB15","SSA","tms changes","pebfactreal","pebfactreal","pebfactreal","pebfactreal",-0.077187567949295,"SkLab"
"ExB15","EU","tms changes","pebfactreal","pebfactreal","pebfactreal","pebfactreal",0.279552727937698,"SkLab"
"ExB15","ROW","tms changes","pebfactreal","pebfactreal","pebfactreal","pebfactreal",-0.0465791746973991,"SkLab"
"ExB15","SSA","TOTAL","pebfactreal","pebfactreal","pebfactreal","pebfactreal",-0.506902098655701,"Capital"
"ExB15","EU","TOTAL","pebfactreal","pebfactreal","pebfactreal","pebfactreal",-0.117577634751797,"Capital"
"ExB15","ROW","TOTAL","pebfactreal","pebfactreal","pebfactreal","pebfactreal",-0.108956329524517,"Capital"
"ExB15","SSA","to changes","pebfactreal","pebfactreal","pebfactreal","pebfactreal",-0.0365011990070343,"Capital"
"ExB15","EU","to changes","pebfactreal","pebfactreal","pebfactreal","pebfactreal",-0.236828207969666,"Capital"
"ExB15","ROW","to changes","pebfactreal","pebfactreal","pebfactreal","pebfactreal",-0.0083655146881938,"Capital"
"ExB15","SSA","txs changes","pebfactreal","pebfactreal","pebfactreal","pebfactreal",-0.351467490196228,"Capital"
"ExB15","EU","txs changes","pebfactreal","pebfactreal","pebfactreal","pebfactreal",-0.0383359864354134,"Capital"
"ExB15","ROW","txs changes","pebfactreal","pebfactreal","pebfactreal","pebfactreal",-0.0909856036305428,"Capital"
"ExB15","SSA","tms changes","pebfactreal","pebfactreal","pebfactreal","pebfactreal",-0.118933379650116,"Capital"
"ExB15","EU","tms changes","pebfactreal","pebfactreal","pebfactreal","pebfactreal",0.157583177089691,"Capital"
"ExB15","ROW","tms changes","pebfactreal","pebfactreal","pebfactreal","pebfactreal",-0.00960665009915829,"Capital"
"ExB15","SSA","TOTAL","pebfactreal","pebfactreal","pebfactreal","pebfactreal",9.3778018951416,"Land"
"ExB15","EU","TOTAL","pebfactreal","pebfactreal","pebfactreal","pebfactreal",-14.9610986709595,"Land"
"ExB15","ROW","TOTAL","pebfactreal","pebfactreal","pebfactreal","pebfactreal",4.6307544708252,"Land"
"ExB15","SSA","to changes","pebfactreal","pebfactreal","pebfactreal","pebfactreal",0.91124439239502,"Land"
"ExB15","EU","to changes","pebfactreal","pebfactreal","pebfactreal","pebfactreal",-2.36488389968872,"Land"
"ExB15","ROW","to changes","pebfactreal","pebfactreal","pebfactreal","pebfactreal",0.395371735095978,"Land"
"ExB15","SSA","txs changes","pebfactreal","pebfactreal","pebfactreal","pebfactreal",2.04481792449951,"Land"
"ExB15","EU","txs changes","pebfactreal","pebfactreal","pebfactreal","pebfactreal",-6.04928588867188,"Land"
"ExB15","ROW","txs changes","pebfactreal","pebfactreal","pebfactreal","pebfactreal",2.01763558387756,"Land"
"ExB15","SSA","tms changes","pebfactreal","pebfactreal","pebfactreal","pebfactreal",6.42172813415527,"Land"
"ExB15","EU","tms changes","pebfactreal","pebfactreal","pebfactreal","pebfactreal",-6.54692792892456,"Land"
"ExB15","ROW","tms changes","pebfactreal","pebfactreal","pebfactreal","pebfactreal",2.21774625778198,"Land"
"ExB15","SSA","TOTAL","pefactreal","pefactreal","pefactreal","pefactreal",0.717551231384277,"UnskLab"
"ExB15","EU","TOTAL","pefactreal","pefactreal","pefactreal","pefactreal",-0.191310778260231,"UnskLab"
"ExB15","ROW","TOTAL","pefactreal","pefactreal","pefactreal","pefactreal",-0.0589367747306824,"UnskLab"
"ExB15","SSA","to changes","pefactreal","pefactreal","pefactreal","pefactreal",0.0815175175666809,"UnskLab"
"ExB15","EU","to changes","pefactreal","pefactreal","pefactreal","pefactreal",-0.254698932170868,"UnskLab"
"ExB15","ROW","to changes","pefactreal","pefactreal","pefactreal","pefactreal",-0.00402161898091435,"UnskLab"
"ExB15","SSA","txs changes","pefactreal","pefactreal","pefactreal","pefactreal",-0.0652130320668221,"UnskLab"
"ExB15","EU","txs changes","pefactreal","pefactreal","pefactreal","pefactreal",-0.0769019573926926,"UnskLab"
"ExB15","ROW","txs changes","pefactreal","pefactreal","pefactreal","pefactreal",-0.0696418657898903,"UnskLab"
"ExB15","SSA","tms changes","pefactreal","pefactreal","pefactreal","pefactreal",0.701246559619904,"UnskLab"
"ExB15","EU","tms changes","pefactreal","pefactreal","pefactreal","pefactreal",0.140290141105652,"UnskLab"
"ExB15","ROW","tms changes","pefactreal","pefactreal","pefactreal","pefactreal",0.0147267058491707,"UnskLab"
"ExB15","SSA","TOTAL","pefactreal","pefactreal","pefactreal","pefactreal",-0.500128448009491,"SkLab"
"ExB15","EU","TOTAL","pefactreal","pefactreal","pefactreal","pefactreal",0.13838130235672,"SkLab"
"ExB15","ROW","TOTAL","pefactreal","pefactreal","pefactreal","pefactreal",-0.195026993751526,"SkLab"
"ExB15","SSA","to changes","pefactreal","pefactreal","pefactreal","pefactreal",-0.0335979051887989,"SkLab"
"ExB15","EU","to changes","pefactreal","pefactreal","pefactreal","pefactreal",-0.202858358621597,"SkLab"
"ExB15","ROW","to changes","pefactreal","pefactreal","pefactreal","pefactreal",-0.0153569541871548,"SkLab"
"ExB15","SSA","txs changes","pefactreal","pefactreal","pefactreal","pefactreal",-0.389342993497849,"SkLab"
"ExB15","EU","txs changes","pefactreal","pefactreal","pefactreal","pefactreal",0.0616869851946831,"SkLab"
"ExB15","ROW","txs changes","pefactreal","pefactreal","pefactreal","pefactreal",-0.133090823888779,"SkLab"
"ExB15","SSA","tms changes","pefactreal","pefactreal","pefactreal","pefactreal",-0.0771875306963921,"SkLab"
"ExB15","EU","tms changes","pefactreal","pefactreal","pefactreal","pefactreal",0.279552727937698,"SkLab"
"ExB15","ROW","tms changes","pefactreal","pefactreal","pefactreal","pefactreal",-0.0465791784226894,"SkLab"
"ExB15","SSA","TOTAL","pefactreal","pefactreal","pefactreal","pefactreal",-0.506902098655701,"Capital"
"ExB15","EU","TOTAL","pefactreal","pefactreal","pefactreal","pefactreal",-0.117577597498894,"Capital"
"ExB15","ROW","TOTAL","pefactreal","pefactreal","pefactreal","pefactreal",-0.108956307172775,"Capital"
"ExB15","SSA","to changes","pefactreal","pefactreal","pefactreal","pefactreal",-0.0365011915564537,"Capital"
"ExB15","EU","to changes","pefactreal","pefactreal","pefactreal","pefactreal",-0.236828207969666,"Capital"
"ExB15","ROW","to changes","pefactreal","pefactreal","pefactreal","pefactreal",-0.00836551375687122,"Capital"
"ExB15","SSA","txs changes","pefactreal","pefactreal","pefactreal","pefactreal",-0.351467490196228,"Capital"
"ExB15","EU","txs changes","pefactreal","pefactreal","pefactreal","pefactreal",-0.0383359752595425,"Capital"
"ExB15","ROW","txs changes","pefactreal","pefactreal","pefactreal","pefactreal",-0.0909856110811234,"Capital"
"ExB15","SSA","tms changes","pefactreal","pefactreal","pefactreal","pefactreal",-0.118933372199535,"Capital"
"ExB15","EU","tms changes","pefactreal","pefactreal","pefactreal","pefactreal",0.157583206892014,"Capital"
"ExB15","ROW","tms changes","pefactreal","pefactreal","pefactreal","pefactreal",-0.00960664916783571,"Capital"
"ExB15","SSA","TOTAL","pefactreal","pefactreal","pefactreal","pefactreal",9.3778018951416,"Land"
"ExB15","EU","TOTAL","pefactreal","pefactreal","pefactreal","pefactreal",-14.9610986709595,"Land"
"ExB15","ROW","TOTAL","pefactreal","pefactreal","pefactreal","pefactreal",4.6307544708252,"Land"
"ExB15","SSA","to changes","pefactreal","pefactreal","pefactreal","pefactreal",0.91124439239502,"Land"
"ExB15","EU","to changes","pefactreal","pefactreal","pefactreal","pefactreal",-2.36488389968872,"Land"
"ExB15","ROW","to changes","pefactreal","pefactreal","pefactreal","pefactreal",0.395371735095978,"Land"
"ExB15","SSA","txs changes","pefactreal","pefactreal","pefactreal","pefactreal",2.04481792449951,"Land"
"ExB15","EU","txs changes","pefactreal","pefactreal","pefactreal","pefactreal",-6.04928588867188,"Land"
"ExB15","ROW","txs changes","pefactreal","pefactreal","pefactreal","pefactreal",2.01763558387756,"Land"
"ExB15","SSA","tms changes","pefactreal","pefactreal","pefactreal","pefactreal",6.42172813415527,"Land"
"ExB15","EU","tms changes","pefactreal","pefactreal","pefactreal","pefactreal",-6.54692792892456,"Land"
"ExB15","ROW","tms changes","pefactreal","pefactreal","pefactreal","pefactreal",2.21774625778198,"Land"
"ExB15","SSA","TOTAL","qe","qe","qe","qe",0,"UnskLab"
"ExB15","EU","TOTAL","qe","qe","qe","qe",0,"UnskLab"
"ExB15","ROW","TOTAL","qe","qe","qe","qe",0,"UnskLab"
"ExB15","SSA","to changes","qe","qe","qe","qe",0,"UnskLab"
"ExB15","EU","to changes","qe","qe","qe","qe",0,"UnskLab"
"ExB15","ROW","to changes","qe","qe","qe","qe",0,"UnskLab"
"ExB15","SSA","txs changes","qe","qe","qe","qe",0,"UnskLab"
"ExB15","EU","txs changes","qe","qe","qe","qe",0,"UnskLab"
"ExB15","ROW","txs changes","qe","qe","qe","qe",0,"UnskLab"
"ExB15","SSA","tms changes","qe","qe","qe","qe",0,"UnskLab"
"ExB15","EU","tms changes","qe","qe","qe","qe",0,"UnskLab"
"ExB15","ROW","tms changes","qe","qe","qe","qe",0,"UnskLab"
"ExB15","SSA","TOTAL","qe","qe","qe","qe",0,"SkLab"
"ExB15","EU","TOTAL","qe","qe","qe","qe",0,"SkLab"
"ExB15","ROW","TOTAL","qe","qe","qe","qe",0,"SkLab"
"ExB15","SSA","to changes","qe","qe","qe","qe",0,"SkLab"
"ExB15","EU","to changes","qe","qe","qe","qe",0,"SkLab"
"ExB15","ROW","to changes","qe","qe","qe","qe",0,"SkLab"
"ExB15","SSA","txs changes","qe","qe","qe","qe",0,"SkLab"
"ExB15","EU","txs changes","qe","qe","qe","qe",0,"SkLab"
"ExB15","ROW","txs changes","qe","qe","qe","qe",0,"SkLab"
"ExB15","SSA","tms changes","qe","qe","qe","qe",0,"SkLab"
"ExB15","EU","tms changes","qe","qe","qe","qe",0,"SkLab"
"ExB15","ROW","tms changes","qe","qe","qe","qe",0,"SkLab"
"ExB15","SSA","TOTAL","qe","qe","qe","qe",0,"Capital"
"ExB15","EU","TOTAL","qe","qe","qe","qe",0,"Capital"
"ExB15","ROW","TOTAL","qe","qe","qe","qe",0,"Capital"
"ExB15","SSA","to changes","qe","qe","qe","qe",0,"Capital"
"ExB15","EU","to changes","qe","qe","qe","qe",0,"Capital"
"ExB15","ROW","to changes","qe","qe","qe","qe",0,"Capital"
"ExB15","SSA","txs changes","qe","qe","qe","qe",0,"Capital"
"ExB15","EU","txs changes","qe","qe","qe","qe",0,"Capital"
"ExB15","ROW","txs changes","qe","qe","qe","qe",0,"Capital"
"ExB15","SSA","tms changes","qe","qe","qe","qe",0,"Capital"
"ExB15","EU","tms changes","qe","qe","qe","qe",0,"Capital"
"ExB15","ROW","tms changes","qe","qe","qe","qe",0,"Capital"
"ExB15","SSA","TOTAL","qe","qe","qe","qe",0,"Land"
"ExB15","EU","TOTAL","qe","qe","qe","qe",0,"Land"
"ExB15","ROW","TOTAL","qe","qe","qe","qe",0,"Land"
"ExB15","SSA","to changes","qe","qe","qe","qe",0,"Land"
"ExB15","EU","to changes","qe","qe","qe","qe",0,"Land"
"ExB15","ROW","to changes","qe","qe","qe","qe",0,"Land"
"ExB15","SSA","txs changes","qe","qe","qe","qe",0,"Land"
"ExB15","EU","txs changes","qe","qe","qe","qe",0,"Land"
"ExB15","ROW","txs changes","qe","qe","qe","qe",0,"Land"
"ExB15","SSA","tms changes","qe","qe","qe","qe",0,"Land"
"ExB15","EU","tms changes","qe","qe","qe","qe",0,"Land"
"ExB15","ROW","tms changes","qe","qe","qe","qe",0,"Land"
"ExB15","SSA","TOTAL","qst","qst","qst","qst",-0.543650031089783,"Svces"
"ExB15","EU","TOTAL","qst","qst","qst","qst",1.63057601451874,"Svces"
"ExB15","ROW","TOTAL","qst","qst","qst","qst",0.479311108589172,"Svces"
"ExB15","SSA","to changes","qst","qst","qst","qst",-0.0635491982102394,"Svces"
"ExB15","EU","to changes","qst","qst","qst","qst",0.148229941725731,"Svces"
"ExB15","ROW","to changes","qst","qst","qst","qst",0.0412438996136189,"Svces"
"ExB15","SSA","txs changes","qst","qst","qst","qst",-0.614975869655609,"Svces"
"ExB15","EU","txs changes","qst","qst","qst","qst",-0.125737994909286,"Svces"
"ExB15","ROW","txs changes","qst","qst","qst","qst",-0.526354908943176,"Svces"
"ExB15","SSA","tms changes","qst","qst","qst","qst",0.134895265102386,"Svces"
"ExB15","EU","tms changes","qst","qst","qst","qst",1.60808396339417,"Svces"
"ExB15","ROW","tms changes","qst","qst","qst","qst",0.964422047138214,"Svces"
